"en","tr"
"DEEP SPACE OPERATIONS SYSTEM","DERİN UZAY OPERASYON SİSTEMİ"
"CONTINUE","DEVAM ET"
"NEW GAME","YENİ OYUN"
"EXIT","ÇIKIŞ"
"No save data — start a new game","Kayıt verisi yok — yeni bir oyuna başla"
"SYSTEM CONFIGURATION","SİSTEM YAPILANDIRMASI"
"Enable Offline Combat","Çevrimdışı Savaşı Etkinleştir"
"RETURN TO MENU","MENÜYE DÖN"
"SETTINGS","AYARLAR"
"SYSTEM READY  ◆","SİSTEM HAZIR  ◆"
"INITIALIZING SYSTEMS","SİSTEMLER BAŞLATILIYOR"
"ENTERING SECTOR","SEKTÖRE GİRİLİYOR"
"FINALIZING","TAMAMLANIYOR"
"Language","Dil"
"Zone %d  ·  %s","Bölge %d  ·  %s"
"+10 kW","+10 kW"
"0.0s / 0.0s","0.0s / 0.0s"
"100 Liras","100 Lira"
"ACCEPT","KABUL ET"
"ACKNOWLEDGE","ONAYLA"
"ACTIVE CONTRACTS","AKTİF SÖZLEŞMELER"
"ALL","TÜMÜ"
"AMMO BAY","CEPHANELİK"
"ARMOR","ZIRH"
"ARMORY","CEPHANELİK"
"ATK: 0 | DEF: 0","SDR: 0 | SAV: 0"
"ATLAS","ATLAS"
"Action Name","Eylem Adı"
"All","Tümü"
"Alloys","Alaşımlar"
"Atk: 0","Sdr: 0"
"Atlas","Atlas"
"BATTERY","BATARYA"
"BOUNTY BOARD","ÖDÜL PANOSU"
"Base Infrastructure","Temel Altyapı"
"Bounties","Ödül Avları"
"Build","İnşa Et"
"Building Name","Bina Adı"
"Buildings","Binalar"
"CLAIM ALL (0)","TÜMÜNÜ AL (0)"
"CLOSE","KAPAT"
"CONS: 0.0 kW","TÜKETİM: 0.0 kW"
"CORVETTE","KORVET"
"Claim","Al"
"Combat","Savaş"
"Combat","Savaş"
"Completed: 0","Tamamlanan: 0"
"Completed: 0 | Slots: 0/3","Tamamlanan: 0 | Yuva: 0/3"
"Components","Bileşenler"
"Construct","İnşa Et"
"Contract Title","Sözleşme Başlığı"
"Contract description","Sözleşme açıklaması"
"Cost: 100 Liras","Maliyet: 100 Lira"
"Costs","Maliyetler"
"Craft","Üret"
"DNG: 0 | DEF: 0","HSR: 0 | SAV: 0"
"Description goes here...","Açıklama buraya gelecek..."
"Description here...","Açıklama burada..."
"Description of the mission goes here.","Görev açıklaması buraya gelecek."
"Description...","Açıklama..."
"Drops: ...","Düşenler: ..."
"EMPTY","BOŞ"
"ENGAGE","SAVAŞA GİR"
"ENGINE","MOTOR"
"ENTITY TYPE","VARLIK TÜRÜ"
"Enemy Name","Düşman Adı"
"Energy: 0/0","Enerji: 0/0"
"Engineering","Mühendislik"
"Engineering","Mühendislik"
"Entity Name","Varlık Adı"
"Eva: 0%","Kaçınma: %0"
"Fe","Fe"
"Fleet","Filo"
"GEN: 0.0 kW","ÜRETİM: 0.0 kW"
"Gathering","Toplama"
"HORIZON IDLE","HORIZON IDLE"
"HP: 0 / 0","CAN: 0 / 0"
"HP: 100 | ATK: 10","CAN: 100 | SDR: 10"
"HP: 100 | Shield: 50","CAN: 100 | Kalkan: 50"
"HULL: 0 / 0","GÖVDE: 0 / 0"
"Hull Name","Gövde Adı"
"IN PROGRESS","DEVAM EDİYOR"
"INFO","BİLGİ"
"INITIALIZING SECURE LINK...","GÜVENLİ BAĞLANTI BAŞLATILIYOR..."
"ITEM DETAILS","EŞYA DETAYLARI"
"Idle","Boşta"
"In Storage: 0","Depoda: 0"
"Infrastructure","Altyapı"
"Inputs","Girdiler"
"Intel: Enemy Name","İstihbarat: Düşman Adı"
"Inventory","Envanter"
"Iron","Demir"
"Level: 1","Seviye: 1"
"Loot Info","Ganimet Bilgisi"
"Lvl 1","Svy 1"
"MODULE","MODÜL"
"Main Menu","Ana Menü"
"Metals","Metaller"
"Mine","Maden"
"Mission Control","Görev Kontrol"
"Mission Name","Görev Adı"
"Missions","Görevler"
"Module Name","Modül Adı"
"NET GROWTH: 0.00 /min","NET ARTIŞ: 0.00 /dk"
"NET: +0.0 kW","NET: +0.0 kW"
"No rounds","Tur yok"
"OPERATIONS","OPERASYONLAR"
"ORDNANCE","MÜHİMMAT"
"Offline progress report...","Çevrimdışı ilerleme raporu..."
"Open Star Chart","Yıldız Haritasını Aç"
"Ores","Cevherler"
"Other","Diğer"
"Outputs","Çıktılar"
"Overclock: 1.0x","Hız Aşırtma: 1.0x"
"Owned: 0","Sahip Olunan: 0"
"POWER","GÜÇ"
"Persistent orders from the Command Network. Quests track passively across all systems — no need to accept. Claim rewards as objectives complete. New orders are issued on each claim.","Komuta Ağı'ndan gelen kalıcı siparişler. Siparişler tüm sistemlerde pasif olarak takip edilir — kabul etmeye gerek yoktur. Hedefler tamamlandıkça ödülleri alabilirsiniz. Her ödül alımında yeni siparişler verilir."
"Pick a material or enemy from the list to view full details.","Tam detayları görmek için listeden bir malzeme veya düşman seçin."
"Planetary Operations","Gezegensel Operasyonlar"
"Processing","İşleme"
"Qty:","Mik:"
"Quest Title","Sipariş Başlığı"
"Quest description","Sipariş açıklaması"
"Quests","Siparişler"
"REFERENCE","REFERANS"
"REFRESH (50K CR)","YENİLE (50B CR)"
"REPAIR","TAMİR ET"
"REROLL BOARD (2.5K CR)","PANOYU YENİLE (2.5B CR)"
"RETREAT","GERİ ÇEKİL"
"Recipe Name","Tarif Adı"
"Refresh in: --","Yenilenme süresi: --"
"Research","Araştırma"
"Research Lab","Araştırma Laboratuvarı"
"Research Network","Araştırma Ağı"
"Research Required: ...","Gereken Araştırma: ..."
"Reward: 0 CR","Ödül: 0 CR"
"Reward: 1,000 CR","Ödül: 1.000 CR"
"SELL TO UNION","BİRLİĞE SAT"
"SHD: 0 / 0","KLK: 0 / 0"
"SHIELD","KALKAN"
"SHIP","GEMİ"
"STANDING ORDERS","MEVCUT SİPARİŞLER"
"SYSTEM REPORT // OFFLINE LOG","SİSTEM RAPORU // ÇEVRİMDIŞI GÜNLÜK"
"Search by name...","İsme göre ara..."
"Select an Item","Bir Eşya Seçin"
"Sell All Stack","Tüm Yığını Sat"
"Sell Items","Eşyaları Sat"
"Shield: 0","Kalkan: 0"
"Ship Designer","Gemi Tasarımcısı"
"Shipyard","Tersane"
"Shipyard","Tersane"
"Slots: 0 / 0","Yuva: 0 / 0"
"Slots: 3","Yuva: 3"
"Sources","Kaynaklar"
"Start","Başlat"
"Stats","İstatistikler"
"Stats...","İstatistikler..."
"Storage","Depo"
"Sys Config","Sistem Yapılandırması"
"Target Acquired","Hedef Tespit Edildi"
"Tech Name","Teknoloji Adı"
"Total: 0","Toplam: 0"
"Totally Untranslated String","Tamamen Çevrilmemiş Metin"
"USS Horizon","USS Horizon"
"UTILITY","YARDIMCI"
"Unit Price: -","Birim Fiyatı: -"
"Uses","Kullanım Alanları"
"WEAPON","SİLAH"
"Warp Core","Warp Çekirdeği"
"XP: 0","TP: 0"
"[ EXPEDITION YIELD ]","[ KEŞİF GETİRİSİ ]"
"[ EXTRACTION RACKS ]","[ ÇIKARMA RAFLARI ]"
"[ LOGISTICS & FABRICATION ]","[ LOJİSTİK & ÜRETİM ]"
"[ ORDNANCE FEED ]","[ MÜHİMMAT BESLEMESİ ]"
"[ POWER SYSTEMS ]","[ GÜÇ SİSTEMLERİ ]"
"[ UNIQUE ]","[ EŞSİZ ]"
"[center]Searching for loot paths...[/center]","[center]Ganimet yolları aranıyor...[/center]"
"↓","↓"
"%s%s","%s%s"
"+0.1 Primordial Matrix (-2.5 Primordial Shard, -1.5 Diamond, -1 Void Lattice)","+0.1 Kadim Matris (-2.5 Kadim Parça, -1.5 Elmas, -1 Hiçlik Kafesi)"
"+0.15 Omega Composite (-3 Omega Plating, -1 Neutronium Plate, -15 Adv Circuit)","+0.15 Omega Kompozit (-3 Omega Kaplama, -1 Nötronyum Plaka, -15 Gelişmiş Devre)"
"+0.2 Bio-Reactor Core (-6 Biohazard Sample, -0.5 Pathogen Core, -1 Quantum Core)","+0.2 Biyo-Reaktör Çekirdeği (-6 Biyotehlike Numunesi, -0.5 Patojen Çekirdeği, -1 Kuantum Çekirdeği)"
"+0.3 Chrono Core","+0.3 Krono Çekirdeği"
"+0.4 Neutronium","+0.4 Nötronyum"
"+0.5 Circuit, +0.1 Alloy (Copper processing)","+0.5 Devre, +0.1 Alaşım (Bakır işleme)"
"+0.6 Composite Weave (-6.3 Fiber, -1.3 Resin)","+0.6 Kompozit Örgü (-6.3 Elyaf, -1.3 Reçine)"
"+0.7 Cell T3","+0.7 Hücre T3"
"+0.8 Chip (-1.6 Semiconductor, -0.8 Au, -4 N)","+0.8 Çip (-1.6 Yarı İletken, -0.8 Au, -4 N)"
"+0.8 Graphite (-4.2 Carbon)","+0.8 Grafit (-4.2 Karbon)"
"+0.8 Slug T3 (-0.8 U, -2.1 Superalloy)","+0.8 Mermi T3 (-0.8 U, -2.1 Süperalaşım)"
"+1.0 StructuralComponent (-10 Fe, -5 Cu, -5 Si, -3 C, -2 Li)","+1.0 Yapısal Bileşen (-10 Fe, -5 Cu, -5 Si, -3 C, -2 Li)"
"+1.0 Superalloy (-4 Steel, -2 Ni, -1 Cr, -1 Ti)","+1.0 Süperalaşım (-4 Çelik, -2 Ni, -1 Cr, -1 Ti)"
"+1.0 Uranium","+1.0 Uranyum"
"+1.0 Void Crystal (-2.5 Essence)","+1.0 Hiçlik Kristali (-2.5 Öz)"
"+1.2 AdvCircuit (-2.4 Semiconductor, -1.2 Au, -2.4 StructuralComponent)","+1.2 Gelişmiş Devre (-2.4 Yarı İletken, -1.2 Au, -2.4 Yapısal Bileşen)"
"+1.3 Circuit (-2.5 Si, -2.5 Cu, -1.3 Resin)","+1.3 Devre (-2.5 Si, -2.5 Cu, -1.3 Reçine)"
"+1.3 Manganese (Seafloor Mining)","+1.3 Manganez (Deniz Tabanı Madenciliği)"
"+1.3 Void Essence","+1.3 Hiçlik Özü"
"+1.5 Au (-40 Dirt, -40 Water)","+1.5 Au (-40 Toprak, -40 Su)"
"+1.5 Semiconductor (-3 Si, -1.5 Germanium)","+1.5 Yarı İletken (-3 Si, -1.5 Germanyum)"
"+1.5 Ti (-3 Dolomite)","+1.5 Ti (-3 Dolomit)"
"+1.7 Lithium Ore (Efficient)","+1.7 Lityum Madeni (Verimli)"
"+1.7 Malachite (Heavy)","+1.7 Malahit (Ağır)"
"+10 Cell T1 (-5 Si)","+10 Hücre T1 (-5 Si)"
"+10 Dirt","+10 Toprak"
"+10 Slug T1 (-5 Fe)","+10 Mermi T1 (-5 Fe)"
"+10 Water","+10 Su"
"+10% Nitrogen Yield","+%10 Azot Verimi"
"+1000.0 kW (-5 Wood)","+1000.0 kW (-5 Odun)"
"+1000000.0 kW (Constant)","+1000000.0 kW (Sabit)"
"+15% Processing Speed","+%15 İşlem Hızı"
"+15.0 kW","+15.0 kW"
"+15000.0 kW","+15000.0 kW"
"+16000000.0 kW (-1 Quantum Core)","+16000000.0 kW (-1 Kuantum Çekirdeği)"
"+2 Pt, +1 Ir","+2 Pt, +1 Ir"
"+2.0 Tungsten","+2.0 Tungsten"
"+2.5 Bauxite (Industrial)","+2.5 Boksit (Endüstriyel)"
"+2.5 Quartz (High Speed)","+2.5 Kuvars (Yüksek Hız)"
"+2.5 Steel","+2.5 Çelik"
"+25% Processing Speed","+%25 İşlem Hızı"
"+250.0 kW (Stable)","+250.0 kW (Sabit)"
"+250000.0 kW (-5 Uranium)","+250000.0 kW (-5 Uranyum)"
"+3.1 Cell T2 (-1.9 Si, -1.3 Resin)","+3.1 Hücre T2 (-1.9 Si, -1.3 Reçine)"
"+3.1 Slug T2 (-3.1 Steel, -1.3 Al)","+3.1 Mermi T2 (-3.1 Çelik, -1.3 Al)"
"+4 H, +2 He, +2 N","+4 H, +2 He, +2 N"
"+4000.0 kW","+4000.0 kW"
"+4000000.0 kW","+4000000.0 kW"
"+5 Fe, +1.7 Si (-8.3 Dirt, -8.3 Water)","+5 Fe, +1.7 Si (-8.3 Toprak, -8.3 Su)"
"+5 H, +2.5 O (-2.5 Water)","+5 H, +2.5 O (-2.5 Su)"
"+60.0 kW (-1 C)","+60.0 kW (-1 C)"
"+60000.0 kW (-2 Pd-Cells)","+60000.0 kW (-2 Pd-Hücreleri)"
"-20% Crafting Time","-%20 Üretim Süresi"
"A crystallized energy matrix extracted from a Zone 1 boss. Used for zone-access research.","Bölge 1 bölüm sonu canavarından elde edilen kristalize enerji matrisi. Bölge erişim araştırması için kullanılır."
"A dense mineral core from an Asteroid Belt boss. Used for zone-access research.","Asteroit Kuşağı bölüm sonu canavarından elde edilen yoğun mineral çekirdeği. Bölge erişim araştırması için kullanılır."
"A frozen energy lattice from a Cryofield boss. Used for zone-access research.","Kriyosaha bölüm sonu canavarından elde edilen donmuş enerji kafesi. Bölge erişim araştırması için kullanılır."
"A neutronium-laced core from a Sector Epsilon boss. Used for zone-access research.","Sektör Epsilon bölüm sonu canavarından elde edilen nötronyum katkılı çekirdek. Bölge erişim araştırması için kullanılır."
"A radiation-hardened core from a Sector Beta boss. Used for zone-access research.","Sektör Beta bölüm sonu canavarından elde edilen radyasyona dayanıklı çekirdek. Bölge erişim araştırması için kullanılır."
"A superheated core from a Mars Debris boss. Used for zone-access research.","Mars Enkazı bölüm sonu canavarından elde edilen aşırı ısınmış çekirdek. Bölge erişim araştırması için kullanılır."
"A void-charged energy core from a Sector Delta boss. Used for zone-access research.","Sektör Delta bölüm sonu canavarından elde edilen hiçlik yüklü enerji çekirdeği. Bölge erişim araştırması için kullanılır."
"A xenon-infused power matrix from a Sector Alpha boss. Used for zone-access research.","Sektör Alfa bölüm sonu canavarından elde edilen ksenon aşılanmış güç matrisi. Bölge erişim araştırması için kullanılır."
"AI Core","YZ Çekirdeği"
"AI Logic Core","YZ Mantık Çekirdeği"
"AI Processor","YZ İşlemcisi"
"AI Targeting","YZ Hedefleme"
"Ablative Plating","Ablatif Kaplama"
"Abundant gas, essential for life support systems.","Bol bulunan gaz, yaşam destek sistemleri için hayati."
"Acid Revenant","Asit Heyulası"
"Acid Serpent","Asit Yılanı"
"Adv. Maintenance Kit","Gelişmiş Bakım Kiti"
"Advanced Ballistics Plant","Gelişmiş Balistik Fabrikası"
"Advanced Battery Tech","Gelişmiş Batarya Teknolojisi"
"Advanced Circuit","Gelişmiş Devre"
"Advanced Circuit Foundry","Gelişmiş Devre Dökümhanesi"
"Advanced Circuitry","Gelişmiş Devreler"
"Advanced Co-Ni-Cr alloy. Extreme heat resistance.","Gelişmiş Co-Ni-Cr alaşımı. Ekstrem ısı direnci."
"Advanced Fuel Cell Array","Gelişmiş Yakıt Hücresi Dizisi"
"Advanced Lithium-Cobalt energy storage.","Gelişmiş Lityum-Kobalt enerji deposu."
"Advanced Materials","Gelişmiş Materyaller"
"Advanced Metallurgy","Gelişmiş Metalürji"
"Advanced Mineralogy","Gelişmiş Mineraloji"
"Advanced Rocketry","Gelişmiş Roket Mühendisliği"
"Advanced alloys forge.","Gelişmiş alaşım ocağı."
"Advanced artificial intelligence substrate.","Gelişmiş yapay zeka alt tabakası."
"Advanced battery tech. High energy density.","Gelişmiş batarya teknolojisi. Yüksek enerji yoğunluğu."
"Advanced catalyst for rare metal refining.","Nadir metal arıtımı için gelişmiş katalizör."
"Advanced high-density battery. Requires Sulfur for electrolyte.","Gelişmiş yüksek yoğunluklu batarya. Elektrolit için Sülfür gerektirir."
"Advanced industrial or operational component.","Gelişmiş endüstriyel veya operasyonel bileşen."
"Advanced technical schematics from Martian ruins. Required for mid-game research.","Mars harabelerinden gelişmiş teknik şemalar. Oyun ortası araştırmaları için gereklidir."
"Aeon Alloy","Eon Alaşımı"
"Al-Mg Alloy","Al-Mg Alaşımı"
"Alien Frigate","Uzaylı Fırkateyni"
"Alien Probe","Uzaylı Sondası"
"Alpha Core","Alfa Çekirdeği"
"Alpha Vanguard Trophy","Alfa Öncüsü Ganimeti"
"Aluminum","Alüminyum"
"Aluminum Wire","Alüminyum Tel"
"Aluminum Wiring","Alüminyum Tesisat"
"Aluminum ore.","Alüminyum cevheri."
"Aluminum-Magnesium Alloy","Alüminyum-Magnezyum Alaşımı"
"An exotic matter core from a Sector Gamma boss. Used for zone-access research.","Sektör Gama bölüm sonu canavarından egzotik madde çekirdeği. Bölge erişim araştırması için kullanılır."
"Analyze Void Artifact","Hiçlik Eserini İncele"
"Ancient Technology","Kadim Teknoloji"
"Anomalous object reacting to zero-point energy. Required for Capital Ships.","Sıfır noktası enerjisine tepki veren anormal nesne. Ana Gemiler için gereklidir."
"Antimatter Engine","Antimadde Motoru"
"Antimatter Generator","Antimadde Jeneratörü"
"Antimatter Particle","Antimadde Parçacığı"
"Antimatter Warhead","Antimadde Savaş Başlığı"
"Antimatter-infused capital buster.","Antimadde destekli ana gemi yokedici."
"Architect's Beam","Mimarın Işını"
"Architect's Plating","Mimarın Kaplaması"
"Architect's Regalia","Mimarın Nişanı"
"Architect's Ward","Mimarın Kalkanı"
"Armor-piercing heavy slugs.","Zırh delici ağır mermiler."
"Armor-piercing heavy slugs. +15 Kinetic Dmg per shot.","Zırh delici ağır mermiler. Atış başına +15 Kinetik Hasar."
"Armor-shredding heavy rounds.","Zırh parçalayıcı ağır mermiler."
"Arsenal Doctrine","Cephanelik Doktrini"
"Assemble Battery Cell","Batarya Hücresi Montajı"
"Assemble a precision targeting computer from advanced circuits.","Gelişmiş devrelerden hassas hedefleme bilgisayarı monte et."
"Asteroid Belt","Asteroit Kuşağı"
"Asteroid Belt Authorization","Asteroit Kuşağı Yetkisi"
"Asteroid Core","Asteroit Çekirdeği"
"Aurora Deep-Space","Aurora Derin Uzay"
"Auto-Excavator (XL)","Oto-Kazıcı (XL)"
"Autocannon","Otomatik Top"
"Automated Carbon Press","Otomatik Karbon Presi"
"Automated Smelter","Otomatik İzabe Fırını"
"Automated Smelting","Otomatik İzabe"
"Automated copper smelting.","Otomatik bakır izabesi."
"Automated germanium refining.","Otomatik germanyum arıtımı."
"Automated lithium purification.","Otomatik lityum saflaştırması."
"Automated nickel extraction.","Otomatik nikel çıkarımı."
"Automated silicon refining.","Otomatik silikon arıtımı."
"Automated tin smelting.","Otomatik kalay izabesi."
"Automated wood carbonization.","Otomatik odun kömürleşmesi."
"Automated wood collection.","Otomatik odun toplama."
"Automated zinc reduction.","Otomatik çinko indirgemesi."
"Auxiliary Slot","Yardımcı Yuva"
"Ballistics Optimization","Balistik Optimizasyonu"
"Basic Battery","Temel Batarya"
"Basic Cell Factory","Temel Hücre Fabrikası"
"Basic Electronics","Temel Elektronik"
"Basic Engineering","Temel Mühendislik"
"Basic Kinetic Foundry","Temel Kinetik Dökümhanesi"
"Basic Shield","Temel Kalkan"
"Basic Shield Booster","Temel Kalkan Güçlendirici"
"Basic Steel Smelting","Temel Çelik İzabesi"
"Basic Thruster","Temel İtici"
"Basic aluminum ore extraction.","Temel alüminyum cevheri çıkarımı."
"Basic energy storage for ships.","Gemiler için temel enerji depolama."
"Basic energy storage. Restores 10% Shield Integrity.","Temel enerji deposu. %10 Kalkan Bütünlüğü yeniler."
"Basic malachite extraction.","Temel malahit çıkarımı."
"Basic silica excavation.","Temel silika kazısı."
"Basic spodumene extraction.","Temel spodümen çıkarımı."
"Basic-oxygen furnace — blow Oxygen through the molten Iron and Carbon to burn off impurities into Steel.","Temel oksijen fırını — safsızlıkları yakıp Çelik elde etmek için erimiş Demir ve Karbona Oksijen üfler."
"Battlecruiser","Muharebe Kruvazörü"
"Bauxite Mine","Boksit Madeni"
"Bauxite Ore","Boksit Cevheri"
"Bauxite Smelting","Boksit İzabesi"
"Bauxite Strip Miner","Boksit Şerit Madencisi"
"Belt Warden Trophy","Kuşak Gardiyanı Ganimeti"
"Beryllium","Berilyum"
"Beta Colony Charter","Beta Kolonisi Sözleşmesi"
"Beta Colossus","Beta Devi"
"Beta Core","Beta Çekirdeği"
"Beta Governor Trophy","Beta Valisi Ganimeti"
"Bind a primordial shard to diamond and a void lattice into a stable matrix.","İlkel bir parçayı elmasa ve hiçlik kafesini kararlı bir matrise bağla."
"Bind a quantum core into an osmium-superalloy frame for capital-grade structure.","Ana gemi düzeyinde yapı için kuantum çekirdeğini osmiyum-süperalaşım çerçeveye bağla."
"Bind biohazard residue with regenerative plating into a self-knitting bio-alloy.","Biyotehlike kalıntısını rejeneratif kaplama ile birleştirip kendi kendini ören biyo-alaşıma dönüştür."
"Bio-Agent Synthesis","Biyo-Ajan Sentezi"
"Bio-Harvester","Biyo-Toplayıcı"
"Bio-Horror","Biyo-Dehşet"
"Bio-Reactor Synthesis","Biyo-Reaktör Sentezi"
"Bio-Reactor Vat","Biyo-Reaktör Tankı"
"Bio-Weapon Coating","Biyo-Silah Kaplaması"
"Bioforged Alloy","Biyodövme Alaşım"
"Biohazard Sample","Biyotehlike Numunesi"
"Biohazard Warhead","Biyotehlike Savaş Başlığı"
"Biomass Plant","Biyokütle Tesisi"
"Biometric authorization token required for FTL travel into protected sectors.","Korumalı sektörlere Işıktan Hızlı yolculuk için gereken biyometrik yetkilendirme jetonu."
"Biosphere Dome","Biyosfer Kubbesi"
"Biosynthetic Hull Patch","Biyosentetik Gövde Yaması"
"Blast Baffling","Patlama Saptırıcı"
"Blast Furnace","Yüksek Fırın"
"Blight Drone","Musibet Dronu"
"Blight Titan","Musibet Titanı"
"Blueprint Bandwidth","Plan Bant Genişliği"
"Blueprint Cache","Plan Zulası"
"Boron","Bor"
"Building Overclock","Bina Hız Aşırtma"
"Burn Wood to produce Carbon. The backbone of metallurgy.","Karbon üretmek için Odun yak. Metalürjinin belkemiği."
"Cannibalise finished Circuits into a Damaged Circuitry substitute. Lossy (6:1) — Tech enemies drop it far faster — but this is the deadlock safety net.","Tamamlanmış Devreleri Hasarlı Devre yerine kullanmak için parçala. Verimsizdir (6:1) — Teknoloji düşmanları çok daha hızlı düşürür — ama bu bir tıkanma güvenlik ağıdır."
"Cannibalize salvaged boards into an advanced circuit — combat's shortcut past the semiconductor chain.","Kurtarılmış kartları gelişmiş bir devreye dönüştür — yarı iletken zincirini atlamak için çatışmanın kısayolu."
"Capacitor Pulse","Kapasitör Darbesi"
"Capacitor Shard","Kapasitör Parçası"
"Capacitor discharge. Restores 30 Shield Integrity instantly.","Kapasitör deşarjı. Anında 30 Kalkan Bütünlüğü yeniler."
"Capital Ship","Ana Gemi"
"Capital Ship Armament","Ana Gemi Silahları"
"Capital-class antimatter buster. +150 Explosive Dmg.","Ana gemi sınıfı antimadde yokedici. +150 Patlayıcı Hasarı."
"Captured electromagnetic pulse schematics from the EMP Nexus. First-clear reward. Can be used to craft an EMP Generator module.","EMP Nexus'tan ele geçirilen elektromanyetik darbe şemaları. İlk temizleme ödülü. EMP Jeneratörü modülü üretmek için kullanılabilir."
"Carbon","Karbon"
"Carbon Fiber","Karbon Fiber"
"Carbon Fiber Plate","Karbon Fiber Plaka"
"Carbon Generator","Karbon Jeneratörü"
"Carbon Hull Lattice","Karbon Gövde Kafesi"
"Carbon nanotube mesh. Repairs 50 Shield Integrity.","Karbon nanotüp ağı. 50 Kalkan Bütünlüğünü onarır."
"Carrier","Taşıyıcı"
"Cassiterite Ore","Kassiterit Cevheri"
"Cassiterite extraction.","Kassiterit çıkarımı."
"Catalytic Electrodes","Katalitik Elektrotlar"
"Caustic Golem","Kostik Golem"
"Caustic Leviathan","Kostik Leviathan"
"Caustic Revenant","Kostik Heyula"
"Caustic Sovereign","Kostik Hükümdar"
"Central processing unit of a defense turret.","Bir savunma taretinin merkezi işlem birimi."
"Charcoal Kiln","Odun Kömürü Fırını"
"Charged Golem","Yüklü Golem"
"Chemical Leaching","Kimyasal Süzme"
"Chip Fabrication","Çip Üretimi"
"Chip Fabrication Line","Çip Üretim Hattı"
"Chitin Hull Patch","Kitin Gövde Yaması"
"Chondrite Alloy","Kondrit Alaşımı"
"Chromite Excavator","Kromit Kazıcı"
"Chromite Ore","Kromit Cevheri"
"Chromium","Krom"
"Chromium Forge","Krom Ocağı"
"Chromium Reduction","Krom İndirgemesi"
"Chromium ore extraction.","Krom cevheri çıkarımı."
"Chrono Core","Krono Çekirdeği"
"Chrono Disruptor","Krono Bozucu"
"Chrono-Siphon","Krono-Sifon"
"Circuit Board","Devre Kartı"
"Claim Jumper","Maden Hırsızı"
"Cluster Warhead","Misket Savaş Başlığı"
"Co-Li Battery","Co-Li Bataryası"
"Cobalt","Kobalt"
"Cobalt Battery","Kobalt Bataryası"
"Cobalt Refinery","Kobalt Rafinerisi"
"Cold Tactical Bridge","Soğuk Taktiksel Köprü"
"Collect Quartz Clusters","Kuvars Kümelerini Topla"
"Colony AI Integration","Koloni YZ Entegrasyonu"
"Colony Data Core","Koloni Veri Çekirdeği"
"Colony Salvage","Koloni Hurdası"
"Colony-Forged Alloy","Koloni Yapımı Alaşım"
"Colossus Aegis","Devasa Kalkan"
"Colossus Bulwark","Devasa Siper"
"Colossus Cannon","Devasa Top"
"Colossus Dominion","Devasa Hakimiyet"
"Combat Heuristics","Savaş Sezgileri"
"Combat Sight","Savaş Görüşü"
"Combine Common artifacts and recovered Martian relics with circuits to create Rare research data.","Nadir araştırma verileri oluşturmak için Sıradan eserleri ve kurtarılan Mars kalıntılarını devrelerle birleştir."
"Combine conductive copper traces with silicon wafers.","İletken bakır yolları silikon levhalarla birleştir."
"Common Research Artifact","Sıradan Araştırma Eseri"
"Common soil containing trace minerals.","Eser miktarda mineral içeren sıradan toprak."
"Compile Exotic Artifact","Egzotik Eseri Derle"
"Composite Loom","Kompozit Dokuma Tezgahı"
"Composite Plate","Kompozit Plaka"
"Composite Weave","Kompozit Örgü"
"Compress Carbon into high-density Graphite.","Karbonu yüksek yoğunluklu Grafite sıkıştır."
"Compress helium and nitrogen into supercooled fluid.","Helyum ve azotu aşırı soğutulmuş sıvıya sıkıştır."
"Compress raw Neutronium with osmium and superalloy into structural plate.","Ham Nötronyumu osmiyum ve süperalaşım ile yapısal plakaya sıkıştır."
"Compress void artifacts into quantum-entangled processing cores.","Hiçlik eserlerini kuantum dolanık işlemci çekirdeklerine sıkıştır."
"Compressed carbon used in heat shields and electronics.","Isı kalkanlarında ve elektronikte kullanılan sıkıştırılmış karbon."
"Concentrate void energy into pure exotic matter.","Hiçlik enerjisini saf egzotik maddeye yoğunlaştır."
"Concentrated energy from the void.","Hiçlikten gelen yoğunlaştırılmış enerji."
"Concentrated viral agent.","Yoğunlaştırılmış viral ajan."
"Concussion Missile","Sarsıntı Füzesi"
"Condense Osmium Vapor","Osmiyum Buharını Yoğunlaştır"
"Conductive writing for lightweight electronics.","Hafif elektronikler için iletken yazım."
"Contain superheated gas.","Aşırı ısınmış gazı hapset."
"Copper","Bakır"
"Copper Mine","Bakır Madeni"
"Copper Smelter","Bakır İzabe Fırını"
"Copper Smelting","Bakır İzabesi"
"Copper carbonate hydroxide mineral. Source of Copper.","Bakır karbonat hidroksit minerali. Bakır kaynağı."
"Core capable of manipulating local time.","Yerel zamanı manipüle edebilen çekirdek."
"Corroded Golem","Aşınmış Golem"
"Corrosion Armaments","Korozyon Silahları"
"Corrosion Behemoth","Korozyon Devi"
"Corrosion Blaster","Korozyon Püskürtücü"
"Corrosion Sentinel","Korozyon Nöbetçisi"
"Corvette","Korvet"
"Cracked Amethyst Core","Çatlak Ametist Çekirdeği"
"Cracked Cobalt Core","Çatlak Kobalt Çekirdeği"
"Cracked Crimson Core","Çatlak Kızıl Çekirdeği"
"Cracked Topaz Core","Çatlak Topaz Çekirdeği"
"Cross-reference navigation data to reveal hidden coordinates and bounty.","Gizli koordinatları ve ödülleri ortaya çıkarmak için navigasyon verilerini çapraz kontrol et."
"Crucial for breathing and combustion.","Solunum ve yanma için hayati önem taşır."
"Crude energy cells. Restores 15% Shield Integrity.","İlkel enerji hücreleri. %15 Kalkan Bütünlüğü yeniler."
"Crudely re-smelt bulk Steel into a Salvaged Alloy substitute. Wildly inefficient (8:1) — farming Heavy enemies is far better — but it guarantees you can never hard-lock.","Toplu Çeliği İlkel bir Kurtarılmış Alaşım yedeğine kabaca yeniden erit. Son derece verimsizdir (8:1) — Ağır düşmanları farmlamak çok daha iyidir — ancak asla tamamen kilitlenmemenizi garanti eder."
"Cryo Beam","Kriyo Işını"
"Cryo Lance","Kriyo Mızrağı"
"Cryo Shield","Kriyo Kalkanı"
"Cryo-Essence Condenser","Kriyo-Öz Yoğunlaştırıcı"
"Cryo-Pulse Drive","Kriyo-Darbe Sürücüsü"
"Cryo-Shield Matrix","Kriyo-Kalkan Matrisi"
"Cryo-Storage Array","Kriyo-Depolama Dizisi"
"Cryofield Core","Kriyosaha Çekirdeği"
"Cryogenic Armaments","Kriyojenik Silahlar"
"Cryogenic Coolant","Kriyojenik Soğutucu"
"Cryogenic Distillation","Kriyojenik Damıtma"
"Cryogenic Storage","Kriyojenik Depolama"
"Cryogenic Systems","Kriyojenik Sistemler"
"Cryptographic Cache","Kriptografik Zula"
"Cryptographic Decoder","Kriptografik Çözücü"
"Crystal Golem","Kristal Golem"
"Crystal resonating with void energy.","Hiçlik enerjisiyle rezonansa giren kristal."
"Crystalline Silicon dioxide. Source of Silicon.","Kristalize Silikon dioksit. Silikon kaynağı."
"Crystallize void essence around a quantum-core scaffold into a load-bearing lattice.","Bir kuantum-çekirdek iskelesi etrafında hiçlik özünü kristalleştirerek taşıyıcı bir kafese dönüştür."
"Culture pathogen samples around a quantum core into a self-sustaining bio-reactor.","Bir kuantum çekirdeği etrafında patojen örneklerini kendi kendini idame ettiren bir biyo-reaktöre dönüştür."
"Cut Focusing Crystal","Odaklama Kristali Kesimi"
"Cut a flawless diamond into a precision sensor lens and decode it into exotic research data.","Kusursuz bir elması hassas bir sensör merceğine kes ve onu egzotik araştırma verisine dönüştür."
"Cut silicate for lenses.","Lensler için silikat kes."
"Damped Plating","Sönümlü Kaplama"
"Debris Core","Enkaz Çekirdeği"
"Decipher the secrets of the artifact.","Eserin sırlarını çöz."
"Decode Encrypted Data","Şifrelenmiş Veriyi Çöz"
"Decrypt Nav-Data","Nav-Verisini Deşifre Et"
"Deep Core Optics","Derin Çekirdek Optikleri"
"Deep Space Navigation","Derin Uzay Navigasyonu"
"Deep Space Radar","Derin Uzay Radarı"
"Deep-Crust Drill","Derin-Kabuk Sondajı"
"Deep-void crystal extraction.","Derin hiçlik kristali çıkarımı."
"Deeper Roots","Daha Derin Kökler"
"Default (Bloom)","Varsayılan (Işıltı)"
"Defense Turret","Savunma Tareti"
"Deflector Shield","Saptırıcı Kalkan"
"Deforest Zone","Orman Temizle"
"Delta Core","Delta Çekirdeği"
"Delta Sector Survey","Delta Sektörü Taraması"
"Delta Sentinel Trophy","Delta Nöbetçisi Ganimeti"
"Dense clusters of tech from failed colonies. High in rare metals.","Başarısız kolonilerden gelen yoğun teknoloji kümeleri. Nadir metaller açısından zengin."
"Dense reactor core for capital ships.","Ana gemiler için yoğun reaktör çekirdeği."
"Dense, malleable, corrosion-resistant metal.","Yoğun, dövülebilir, korozyona dirençli metal."
"Densest material. Extreme HP and mass.","En yoğun malzeme. Ekstrem Can ve kütle."
"Densest naturally occurring element.","Doğada bulunan en yoğun element."
"Depleted Uranium Round","Seyreltilmiş Uranyum Mermisi"
"Derelict Frigate","Terk Edilmiş Fırkateyn"
"Derelict Salvage","Terk Edilmiş Hurda"
"Destroyer","Muhrip"
"Diamond","Elmas"
"Diamond Core Plate","Elmas Çekirdek Plakası"
"Diamond Sensor Lens","Elmas Sensör Merceği"
"Diamond Tipped Drills","Elmas Uçlu Matkaplar"
"Directly smelt Germanite ore for high-purity Germanium.","Yüksek saflıkta Germanyum için Germanit cevherini doğrudan erit."
"Dirt","Toprak"
"Dissolution Tyrant","Çözünme Tiranı"
"Dissolution Wraith","Çözünme Tayfı"
"Dissolve gold from soil using chemical solvents.","Topraktaki altını kimyasal çözücüler kullanarak çöz."
"Dolomite","Dolomit"
"Dolomite Calcination","Dolomit Kalsinasyonu"
"Dolomite Quarry","Dolomit Ocağı"
"Dope Silicon with Germanium for conductivity.","İletkenlik için Silikonu Germanyum ile zenginleştir."
"Dreadnought","Dretnot"
"Drone Recovery Bay","Dron Kurtarma Bölmesi"
"Dummy","Kukla"
"EMP Assault Drone","EMP Saldırı Dronu"
"EMP Commander","EMP Komutanı"
"EMP Generator Blueprint","EMP Jeneratörü Şeması"
"EMP Nexus","EMP Bağlantısı"
"EMP Overlord","EMP Derebeyi"
"Early Enrage","Erken Öfke"
"Efficiency I","Verimlilik I"
"Efficiency II","Verimlilik II"
"Efficiency III","Verimlilik III"
"Efficiency IV","Verimlilik IV"
"Efficiency V","Verimlilik V"
"Efficient Recipe","Verimli Tarif"
"Efficient Smelting","Verimli İzabe"
"Electronics Assembler","Elektronik Birleştirici"
"Emergency Auto-Repair I","Acil Oto-Tamir I"
"Emergency Auto-Repair II","Acil Oto-Tamir II"
"Emergency Auto-Repair III","Acil Oto-Tamir III"
"Emergency Auto-Repair IV","Acil Oto-Tamir IV"
"Emergency Hull Patch","Acil Gövde Yaması"
"Emergency Patch","Acil Yama"
"Encrypted coordinates to unknown sectors.","Bilinmeyen sektörlere şifrelenmiş koordinatlar."
"Energy Cells","Enerji Hücreleri"
"Energy Fields","Enerji Alanları"
"Energy Metrics","Enerji Metrikleri"
"Energy Wraith","Enerji Tayfı"
"Epsilon Core","Epsilon Çekirdeği"
"Epsilon Frontier Charter","Epsilon Sınırı Sözleşmesi"
"Essential for life and a source of Hydrogen/Oxygen.","Yaşam için elzem ve Hidrojen/Oksijen kaynağı."
"Evidence of Alpha dominance. Increases Research speed while held.","Alfa hakimiyetinin kanıtı. Elde tutulduğunda Araştırma hızını artırır."
"Evidence of Belt dominance. Increases all Mining yields while held.","Kuşak hakimiyetinin kanıtı. Elde tutulduğunda tüm Madencilik verimini artırır."
"Evidence of Beta dominance. Increases Infrastructure output while held.","Beta hakimiyetinin kanıtı. Elde tutulduğunda Altyapı çıktısını artırır."
"Evidence of Delta dominance. Boosts Kinetic Weapon damage while held.","Delta hakimiyetinin kanıtı. Elde tutulduğunda Kinetik Silah hasarını artırır."
"Evidence of Gamma dominance. Boosts Energy Weapon damage while held.","Gama hakimiyetinin kanıtı. Elde tutulduğunda Enerji Silahı hasarını artırır."
"Evidence of Lunar dominance. Level up Gathering faster while held.","Ay hakimiyetinin kanıtı. Elde tutulduğunda Toplama seviyesi daha hızlı artar."
"Evidence of Martian dominance. Reduces Processing heat buildup while held.","Mars hakimiyetinin kanıtı. Elde tutulduğunda İşleme ısı birikimini azaltır."
"Evidence of Titan dominance. Boosts Ship Speed in all sectors while held.","Titan hakimiyetinin kanıtı. Elde tutulduğunda tüm sektörlerde Gemi Hızını artırır."
"Evidence of Void dominance. Boosts ALL Ship Stats while held.","Hiçlik hakimiyetinin kanıtı. Elde tutulduğunda TÜM Gemi İstatistiklerini artırır."
"Evidence of Zeta dominance. Boosts Ship Evasion while held.","Zeta hakimiyetinin kanıtı. Elde tutulduğunda Gemi Kaçınmasını artırır."
"Excavate Germanite Deposits","Germanit Çökeltilerini Kaz"
"Excavate Soil","Toprak Kazı"
"Excellent conductor for electronics and energy weapons.","Elektronik ve enerji silahları için mükemmel iletken."
"Exoskeleton fragments from space mites. Used in basic repairs.","Uzay akarlarından dış iskelet parçaları. Temel onarımlarda kullanılır."
"Exotic Dampening","Egzotik Sönümleme"
"Exotic Isotope","Egzotik İzotop"
"Exotic Lens","Egzotik Mercek"
"Exotic Leviathan","Egzotik Leviathan"
"Exotic Matrix","Egzotik Matris"
"Exotic Matter","Egzotik Madde"
"Exotic Matter Analysis","Egzotik Madde Analizi"
"Exotic Metallurgy","Egzotik Metalürji"
"Exotic Research Artifact","Egzotik Araştırma Eseri"
"Exotic Shield Matrix","Egzotik Kalkan Matrisi"
"Experimental infinite energy containment.","Deneysel sonsuz enerji muhafazası."
"Exposing Pulse","Açığa Çıkarma Darbesi"
"Extract Aluminum from Bauxite ore using oxygen.","Oksijen kullanarak Boksit cevherinden Alüminyum çıkar."
"Extract Chromite","Kromit Çıkar"
"Extract Chrono Crystals","Krono Kristalleri Çıkar"
"Extract Lithium from raw Lithium Ore.","Ham Lityum Cevherinden Lityum çıkar."
"Extract Magnesium from Dolomite through heating.","Isıtma yoluyla Dolomitten Magnezyum çıkar."
"Extract Malachite","Malahit Çıkar"
"Extract Manganese","Manganez Çıkar"
"Extract Nitrogen from liquid Hydrogen/Oxygen mix.","Sıvı Hidrojen/Oksijen karışımından Azot çıkar."
"Extract Pentlandite","Pentlandit Çıkar"
"Extract Platinum samples","Platin örnekleri çıkar"
"Extract Zinc Ore","Çinko Cevheri Çıkar"
"Extract advanced components from colonial wreckage.","Koloni enkazından gelişmiş bileşenler çıkar."
"Extract pure Pt from asteroid samples.","Asteroit örneklerinden saf Pt çıkar."
"Extract trace Germanium from refined Silicon.","Arıtılmış Silikondan eser miktarda Germanyum çıkar."
"Extract valuable compounds from hazardous samples.","Tehlikeli örneklerden değerli bileşikler çıkar."
"Extracts cobalt from pentlandite sulfide — the co-metal to nickel, essential for superalloys.","Nikelin yan metali olan pentlandit sülfürden kobalt çıkarır — süperalaşımlar için elzemdir."
"Extremely durable armor plating.","Son derece dayanıklı zırh kaplaması."
"Extremely hard and dense metal. Ideal for armor penetration.","Son derece sert ve yoğun metal. Zırh delme için ideal."
"Fabricate Boost Card","Güçlendirme Kartı Üret"
"Fabricate an automated turret control core from circuits and structural alloy.","Devrelerden ve yapısal alaşımdan otomatik bir taret kontrol çekirdeği üret."
"Fabricate circuits from raw conductive materials. No Drone Core required.","Ham iletken malzemelerden devreler üret. Dron Çekirdeği gerektirmez."
"Factory Automation","Fabrika Otomasyonu"
"Faraday Hull","Faraday Gövdesi"
"Faraday Mesh","Faraday Ağı"
"Fe-Cr-Ni alloy. Superior corrosion resistance and strength.","Fe-Cr-Ni alaşımı. Üstün korozyon direnci ve gücü."
"Ferrite Rounds","Ferrit Mermileri"
"Fertile Soil","Verimli Toprak"
"Field Theory","Alan Teorisi"
"Firmware Hacking","Donanım Yazılımı Hackleme"
"Fission Reactor","Fisyon Reaktörü"
"Fleet Cruiser","Filo Kruvazörü"
"Fleet Destroyer","Filo Muhribi"
"Fleet Frigate","Filo Fırkateyni"
"Flux Capacitor","Akı Kapasitörü"
"Focus","Odak"
"Focus Crystal","Odak Kristali"
"Fold alloy scrap with nickel into superalloy stock.","Alaşım hurdasını nikel ile süperalaşım stoğuna katla."
"Forge salvaged combat alloy and scavenged circuitry into a Tier-1 reinforced hull plate — the cornerstone of early ship-frame upgrades.","Kurtarılan çatışma alaşımını ve toplanan devreleri Aşama-1 güçlendirilmiş gövde plakasına dönüştür — erken gemi-gövdesi yükseltmelerinin temel taşı."
"Fragment of a dead titan. Radiates immense power.","Ölü bir titan parçası. Devasa bir güç yayar."
"Frost Hulk","Buzul İri Kıyım"
"Frost Sentinel","Buzul Nöbetçisi"
"Fuel Cell Technology","Yakıt Hücresi Teknolojisi"
"Functioning device from a precursor civilization.","Öncü bir medeniyetten çalışan bir cihaz."
"Fuse Pristine Amethyst","Kusursuz Ametisti Kaynaştır"
"Fuse Pristine Cobalt","Kusursuz Kobaltı Kaynaştır"
"Fuse Pristine Crimson","Kusursuz Kızılı Kaynaştır"
"Fuse Pristine Topaz","Kusursuz Topazı Kaynaştır"
"Fuse Resonant Amethyst","Rezonanslı Ametisti Kaynaştır"
"Fuse Resonant Cobalt","Rezonanslı Kobaltı Kaynaştır"
"Fuse Resonant Crimson","Rezonanslı Kızılı Kaynaştır"
"Fuse Resonant Topaz","Rezonanslı Topazı Kaynaştır"
"Fuse Stable Amethyst","Kararlı Ametisti Kaynaştır"
"Fuse Stable Cobalt","Kararlı Kobaltı Kaynaştır"
"Fuse Stable Crimson","Kararlı Kızılı Kaynaştır"
"Fuse Stable Topaz","Kararlı Topazı Kaynaştır"
"Fuse aeon residuum with void essence into a primordial-grade alloy.","Eon kalıntısını hiçlik özüyle kaynaştırıp kadim derecede bir alaşıma dönüştür."
"Fusion Core","Füzyon Çekirdeği"
"Galvanized Steel","Galvanizli Çelik"
"Gamma Alloy","Gama Alaşımı"
"Gamma Beast","Gama Yaratığı"
"Gamma Core","Gama Çekirdeği"
"Gamma Ravager Trophy","Gama Yağmacısı Ganimeti"
"Gamma Sector Clearance","Gama Sektörü İzni"
"Gathering XP","Toplama TP"
"Gauss Cannon","Gauss Topu"
"Gauss Rifle","Gauss Tüfeği"
"Geothermal Well","Jeotermal Kuyu"
"Germanite Excavator","Germanit Kazıcı"
"Germanite Ore","Germanit Cevheri"
"Germanite Refining","Germanit Arıtımı"
"Germanium","Germanyum"
"Germanium Extraction","Germanyum Çıkarımı"
"Germanium Smelter","Germanyum İzabe Fırını"
"Germanium-doped Silicon wafer for high-speed logic.","Yüksek hızlı mantık için Germanyum katkılı Silikon levha."
"Glacial Drone","Buzul Dronu"
"Glacial Overseer","Buzul Gözetmeni"
"Glacier Belt","Buzul Kuşağı"
"Glacier Belt Expedition","Buzul Kuşağı Seferi"
"Gold","Altın"
"Gold Panning","Altın Yıkama"
"Gold Refinery","Altın Rafinerisi"
"Graphene Matrix Battery","Grafen Matris Bataryası"
"Graphite","Grafit"
"Graphite Press","Grafit Presi"
"Guided missile with logic circuits and a Hydrogen-fuelled sustainer motor.","Mantık devreleri ve Hidrojen yakıtlı sürekli motoru olan güdümlü füze."
"Guided missile with tracking chips. +25 Explosive Dmg.","İzleme çipli güdümlü füze. +25 Patlayıcı Hasarı."
"HAZARD: %s","TEHLİKE: %s"
"HE","Yüksek Patlayıcı"
"HE Missile","YP Füzesi"
"HE Missiles","YP Füzeleri"
"Harbinger's Bastion","Müjdecisi Kalesi"
"Harbinger's Fury","Müjdecisi Öfkesi"
"Harbinger's Veil","Müjdecisi Peçesi"
"Harbinger's Wrath","Müjdecisi Gazabı"
"Hard ferromagnetic metal used in superalloys.","Süperalaşımlarda kullanılan sert ferromanyetik metal."
"Hard metal used in stainless steel and plating.","Paslanmaz çelik ve kaplamada kullanılan sert metal."
"Hardened Hull","Sertleştirilmiş Gövde"
"Hardened Hulls","Sertleştirilmiş Gövdeler"
"Hardened Shield","Sertleştirilmiş Kalkan"
"Hardened alloy of Iron and Carbon.","Demir ve Karbonun sertleştirilmiş alaşımı."
"Harvest Nebula","Bulutsu Hasadı"
"Harvest Void Essence","Hiçlik Özü Hasadı"
"Heat-resistant alloy for engines and reactors.","Motorlar ve reaktörler için ısıya dayanıklı alaşım."
"Heavy","Ağır"
"Heavy Cruiser","Ağır Kruvazör"
"Heavy Missile","Ağır Füze"
"Heavy Ordnance Works","Ağır Mühimmat Fabrikası"
"Heavy Plasma Cell","Ağır Plazma Hücresi"
"Heavy Torpedo","Ağır Torpido"
"Heavy Tungsten Drill","Ağır Tungsten Matkap"
"Heavy kinetic penetrators.","Ağır kinetik deliciler."
"Heavy metal recovery.","Ağır metal geri kazanımı."
"Heavy radioactive metal. Very dense. Handle with care.","Ağır radyoaktif metal. Çok yoğun. Dikkatle taşıyın."
"Helium","Helyum"
"Helium Coolant Cell","Helyum Soğutucu Hücresi"
"High-Energy Cell Plant","Yüksek Enerji Hücresi Tesisi"
"High-Explosive ordinance. +50 Kinetic / +20 Energy Dmg.","Yüksek Patlayıcı mühimmat. +50 Kinetik / +20 Enerji Hasarı."
"High-Flow Pumps","Yüksek Akışlı Pompalar"
"High-RPM Centrifuges","Yüksek Devirli Santrifüjler"
"High-conductivity cables.","Yüksek iletkenliğe sahip kablolar."
"High-density advanced energy storage.","Yüksek yoğunluklu gelişmiş enerji depolama."
"High-efficiency Palladium-Hydrogen fuel cell.","Yüksek verimli Paladyum-Hidrojen yakıt hücresi."
"High-efficiency chemical catalyst. +15% Processing Speed.","Yüksek verimli kimyasal katalizör. +%15 İşlem Hızı."
"High-performance integrated circuit. Silver traces and tin solder for low-loss interconnects.","Yüksek performanslı entegre devre. Düşük kayıplı bağlantılar için gümüş yollar ve kalay lehim."
"High-performance integrated circuits.","Yüksek performanslı entegre devreler."
"High-power mechanical actuators.","Yüksek güçlü mekanik aktüatörler."
"High-precision logic unit. Requires nitrogen cooling for etching.","Yüksek hassasiyetli mantık ünitesi. Aşındırma için azot soğutması gerektirir."
"High-strength, low-density metal for advanced hulls.","Gelişmiş gövdeler için yüksek mukavemetli, düşük yoğunluklu metal."
"High-tech repair kit. Restores 50% Hull Integrity. Galvanised plating and zinc inhibitor resist corrosion.","Yüksek teknoloji tamir kiti. %50 Gövde Bütünlüğünü geri kazandırır. Galvanizli kaplama ve çinko inhibitörü korozyona direnir."
"High-yield thermobaric missile. +60 Explosive Dmg.","Yüksek verimli termobarik füze. +60 Patlayıcı Hasarı."
"High-yield thermobaric ordnance in a corrosion-resistant casing.","Korozyona dayanıklı kasada yüksek verimli termobarik mühimmat."
"Highly conductive precious metal used in advanced circuitry.","Gelişmiş devrelerde kullanılan yüksek iletkenliğe sahip değerli metal."
"Highly conductive precious metal.","Yüksek iletkenliğe sahip değerli metal."
"Highly unstable isotope harvested from nebulae. Essential for gamma tech.","Bulutsulardan toplanan son derece kararsız izotop. Gama teknolojisi için elzemdir."
"Hull Sealant","Gövde Dolgusu"
"Hull plating that repairs itself over time.","Zamanla kendini onaran gövde kaplaması."
"Hydraulic Press","Hidrolik Pres"
"Hydraulic Servo","Hidrolik Servo"
"Hydraulic System","Hidrolik Sistem"
"Hydro-Vortex Arrays","Hidro-Girdap Dizileri"
"Hydrogen","Hidrojen"
"Hydrogen Reactor","Hidrojen Reaktörü"
"Hyper","Hiper"
"Hyper-Velocity Slug","Hiper-Hızlı Mermi"
"Ice Wraith","Buz Tayfı"
"Improved Battery","Geliştirilmiş Batarya"
"Improvised Alloy (Fallback)","Doğaçlama Alaşım (Geri Çekilme)"
"Industrial Automation","Endüstriyel Otomasyon"
"Industrial Catalysis","Endüstriyel Kataliz"
"Industrial Centrifuge","Endüstriyel Santrifüj"
"Industrial Electrolysis","Endüstriyel Elektroliz"
"Industrial Electrolysis Plant","Endüstriyel Elektroliz Tesisi"
"Industrial Frigate","Endüstriyel Fırkateyn"
"Industrial Kiln","Endüstriyel Fırın"
"Industrial Logistics","Endüstriyel Lojistik"
"Industrial Memory","Endüstriyel Bellek"
"Industrial Pump","Endüstriyel Pompa"
"Industrial catalyst for chemical processing.","Kimyasal işleme için endüstriyel katalizör."
"Inert gas used for cooling and pressurization.","Soğutma ve basınçlandırma için kullanılan asal gaz."
"Infinite energy extraction from the void (Sort of).","Hiçlikten (Bir nevi) sonsuz enerji çıkarımı."
"Infuse supercooled helium-nitrogen with a Primordial Shard, condensing concentrated Cryo-Essence — the active medium of cryogenic armaments. The Shard's exotic resonance is what makes the essence bite Warp-Hardened hulls.","Aşırı soğutulmuş helyum-azotu bir Kadim Parça ile aşılayarak kriyojenik silahların aktif ortamı olan konsantre Kriyo-Öz'ü yoğunlaştır. Parçanın egzotik rezonansı, özün Warp-Sertleştirilmiş gövdeleri ısırmasını sağlayan şeydir."
"Integrated circuits required for automation and logic.","Otomasyon ve mantık için gereken entegre devreler."
"Ion Disruptor","İyon Bozucu"
"Ion Engine","İyon Motoru"
"Ion Field Projector","İyon Alanı Projektörü"
"Ion Lance","İyon Mızrağı"
"Ion-Exchange Membranes","İyon Değişim Membranları"
"Ir-W armor-piercing penetrator cores.","Ir-W zırh delici mermi çekirdekleri."
"Iridium","İridyum"
"Iridium Armor","İridyum Zırh"
"Iridium Armor Plating","İridyum Zırh Kaplaması"
"Iridium Drill","İridyum Matkap"
"Iridium Metallurgy","İridyum Metalürjisi"
"Iridium Plate","İridyum Plaka"
"Iridium-Tungsten Alloy","İridyum-Tungsten Alaşımı"
"Iron Plate","Demir Plaka"
"Iron chromium oxide. Primary source of Chromium.","Demir krom oksit. Ana Krom kaynağı."
"Iron-nickel sulfide mineral. Primary source of Nickel.","Demir-nikel sülfür minerali. Ana Nikel kaynağı."
"Kinetic Shells","Kinetik Mermiler"
"Kinetic Weapons Theory","Kinetik Silah Teorisi"
"Laminate omega plating over a neutronium plate with advanced circuitry.","Gelişmiş devrelerle bir nötronyum plaka üzerine omega kaplama lamine et."
"Laser Cutters","Lazer Kesiciler"
"Laser Optics","Lazer Optikleri"
"Lattice antimatter particles into a prismatic crystalline alloy.","Antimadde parçacıklarını prizmatik kristal alaşım içinde kafesle."
"Legendary armor forged from titan remains. Best-in-slot defense.","Titan kalıntılarından dövülmüş efsanevi zırh. Sınıfının en iyi savunması."
"Lenses for beam cohesion. +5 Energy Dmg per shot.","Işın bütünlüğü için lensler. Atış başına +5 Enerji Hasarı."
"Leviathan","Leviathan"
"Leviathan Engine","Leviathan Motoru"
"Leviathan's Crown","Leviathan'ın Tacı"
"Leviathan's Dominion","Leviathan'ın Hakimiyeti"
"Leviathan's Hide","Leviathan'ın Derisi"
"Leviathan's Maw","Leviathan'ın Ağzı"
"Lidar Array","Lidar Dizisi"
"Lightweight Alloys","Hafif Alaşımlar"
"Lightweight Magnesium-Ion battery.","Hafif Magnezyum-İyon batarya."
"Lightweight aerospace alloy. High strength-to-weight ratio.","Hafif havacılık alaşımı. Yüksek mukavemet-ağırlık oranı."
"Lightweight alternative to Li-ion. Fast charging.","Li-iyon bataryaya hafif bir alternatif. Hızlı şarj olur."
"Lightweight metal used in advanced batteries.","Gelişmiş bataryalarda kullanılan hafif metal."
"Lightweight metal used in aerospace construction.","Havacılık inşasında kullanılan hafif metal."
"Lightweight structural metal.","Hafif yapısal metal."
"Lightweight, high-strength aerospace alloy.","Hafif, yüksek mukavemetli havacılık alaşımı."
"Lithium","Lityum"
"Lithium Brine Well","Lityum Salamura Kuyusu"
"Lithium Extractor","Lityum Çıkarıcı"
"Lithium Ore","Lityum Cevheri"
"Lithium Refinery","Lityum Rafinerisi"
"Lithium-Cobalt Battery","Lityum-Kobalt Bataryası"
"Lithium-rich pyroxene mineral found in pegmatites.","Pegmatitlerde bulunan lityum açısından zengin piroksen minerali."
"Localized time-dilation field. While held: +30% ship attack speed in combat. Permanent passive — one is enough.","Lokalize zaman genişlemesi alanı. Elde tutulduğunda: Çatışmada gemi saldırı hızını %30 artırır. Kalıcı pasiftir — bir tane yeterlidir."
"Lunar Command Trophy","Ay Komutası Ganimeti"
"Lunar Core","Ay Çekirdeği"
"Lunar Drone","Ay Dronu"
"Lunar Orbit","Ay Yörüngesi"
"Mag-Lev Bearings","Mag-Lev Rulmanları"
"Magnesium","Magnezyum"
"Magnesium Battery","Magnezyum Bataryası"
"Magnesium source extraction.","Magnezyum kaynağı çıkarımı."
"Magnesium-Ion Battery","Magnezyum-İyon Bataryası"
"Magnesium-calcium carbonate. Source of Magnesium.","Magnezyum-kalsiyum karbonat. Magnezyum kaynağı."
"Magnetic Funnels","Manyetik Huniler"
"Malachite Ore","Malahit Cevheri"
"Manganese","Manganez"
"Manganese Dredge","Manganez Taraması"
"Manipulates local time flow. Grants massive combat speed boost.","Yerel zaman akışını manipüle eder. Devasa bir savaş hızı artışı sağlar."
"Mars Debris Clearance","Mars Enkazı Temizliği"
"Mars Debris Field","Mars Enkaz Alanı"
"Martian Sentry","Marslı Nöbetçi"
"Martian Sovereign Trophy","Marslı Hükümdar Ganimeti"
"Martian Warmaster","Marslı Savaş Ustası"
"Mass Driver Mk.I","Kütle Sürücü Mk.I"
"Mass produce iron slugs.","Demir mermi seri üretimi."
"Mass-produced kinetic ammunition. +25 Kinetic Dmg.","Seri üretilen kinetik mühimmat. +25 Kinetik Hasarı."
"Massively increases all production rates. Ultimate prestige item.","Tüm üretim hızlarını devasa oranda artırır. Nihai prestij eşyası."
"Material discovered in the field. Properties unknown.","Arazide keşfedilen materyal. Özellikleri bilinmiyor."
"Materials Science","Malzeme Bilimi"
"Matrix Core IV","Matris Çekirdeği IV"
"Matrix Synthesis","Matris Sentezi"
"Matter De-constructor","Madde Ayrıştırıcı"
"Matter composed entirely of neutrons. Extremely dense.","Tamamen nötronlardan oluşan madde. Son derece yoğun."
"Matter-disintegrating energy.","Madde-parçalayıcı enerji."
"Meltdown Colossus","Erime Devi"
"Merge Rare artifacts with advanced tech to unlock capital-class research.","Ana gemi sınıfı araştırmaların kilidini açmak için Nadir eserleri gelişmiş teknolojiyle birleştir."
"Mg-Ion Cell","Mg-İyon Hücresi"
"Micro-Missile Launcher","Mikro-Füze Fırlatıcı"
"Microchip","Mikroçip"
"Mine Cassiterite","Kassiterit Çıkar"
"Mine Iridium Crystals","İridyum Kristalleri Çıkar"
"Mine Lithium Ore","Lityum Madeni"
"Mineral Washing","Mineral Yıkama"
"Miniaturized semiconductor logic unit.","Küçültülmüş yarı iletken mantık ünitesi."
"Mining Golem","Madenci Golem"
"Mite Chitin","Akar Kitini"
"Mix polymer for rapid hull patching. Restores 35% Hull Integrity.","Hızlı gövde onarımı için polimer karıştır. Gövde Bütünlüğünün %35'ini yeniler."
"Molecular Compression","Moleküler Sıkıştırma"
"Molecular Disassembler","Moleküler Parçalayıcı"
"Molecular Fabricator","Moleküler Üretici"
"Molecular Printing","Moleküler Baskı"
"Molecular Recycling","Moleküler Geri Dönüşüm"
"Molecular-scale lattice from structural components and lightweight metals. Capital-grade fabrication.","Yapısal bileşenler ve hafif metallerden moleküler ölçekte kafes. Ana gemi sınıfı üretim."
"Molecular-scale lattice of Structural Components infused with lightweight metals. Required for capital-grade fabrication.","Hafif metallerle aşılanmış Yapısal Bileşenlerden oluşan moleküler ölçekte kafes. Ana gemi sınıfı üretim için gereklidir."
"Mono-Filament Wire","Mono-Filament Tel"
"Monolith's Barrier","Monolit'in Bariyeri"
"Monolith's Bedrock","Monolit'in Temeli"
"Monolith's Shatter","Monolit'in Parçalanması"
"Monolith's Shell","Monolit'in Kabuğu"
"Nanite Resurgence","Nanit Dirilişi"
"Nanite Syringe","Nanit Şırıngası"
"Nano-Substrate","Nano-Alt Tabaka"
"Nanoweave Mesh","Nano-Örgü Ağ"
"Navigation Data","Navigasyon Verisi"
"Nearly indestructible Ir plating. Ultimate defense.","Neredeyse yok edilemez Ir kaplaması. Nihai savunma."
"Nebula Phantom","Bulutsu Hayaleti"
"Neon Cyber-Deck","Neon Siber-Güverte"
"Neutron Slugger","Nötron Vurucusu"
"Neutronium","Nötronyum"
"Neutronium Condenser","Nötronyum Yoğunlaştırıcı"
"Neutronium Core","Nötronyum Çekirdeği"
"Neutronium Plate","Nötronyum Plakası"
"Neutronium Press","Nötronyum Presi"
"Neutronium Synthesis","Nötronyum Sentezi"
"Ni catalyst speeds H2 production. More efficient.","Ni katalizörü H2 üretimini hızlandırır. Daha verimli."
"Nickel","Nikel"
"Nickel Extraction","Nikel Çıkarımı"
"Nickel Mine","Nikel Madeni"
"Nickel Refinery","Nikel Rafinerisi"
"Nickel-Catalyzed Electrolysis","Nikel Katalizli Elektroliz"
"Nitrogen","Azot"
"Nuclear Fuel","Nükleer Yakıt"
"Null Sentinel","Hiçlik Nöbetçisi"
"Omega Accelerator","Omega Hızlandırıcı"
"Omega Battery","Omega Bataryası"
"Omega Cannon","Omega Topu"
"Omega Core","Omega Çekirdeği"
"Omega Forge","Omega Ocağı"
"Omega Foundry","Omega Dökümhanesi"
"Omega Plating","Omega Kaplama"
"Omega Sentinel","Omega Nöbetçisi"
"Omega-class production core. While held: +50% gathering yield and +50% infrastructure yield. Permanent passive — one is enough.","Omega sınıfı üretim çekirdeği. Elde tutulduğunda: +%50 toplama verimi ve +%50 altyapı verimi. Kalıcı pasiftir — bir tane yeterlidir."
"Omni-Fabrication","Omni-Üretim"
"Omni-Scanner","Omni-Tarayıcı"
"Optical Scanner","Optik Tarayıcı"
"Oracle Array","Kahin Dizisi"
"Orbital Gas Siphon","Yörüngesel Gaz Sifonu"
"Orbital Solar Relay","Yörüngesel Güneş Rölesi"
"Ore Guardian","Cevher Muhafızı"
"Ore Hauler","Cevher Taşıyıcı"
"Organic Combustion","Organik Yanma"
"Organic matter, rich in Carbon.","Karbon bakımından zengin organik madde."
"Organic sealant. cheaper than iron patches.","Organik dolgu. Demir yamalardan daha ucuzdur."
"Organic sludge containing unknown pathogens.","Bilinmeyen patojenler içeren organik çamur."
"Osmium","Osmiyum"
"Osmium Condenser","Osmiyum Yoğunlaştırıcı"
"Osmium Core","Osmiyum Çekirdeği"
"Osmium Core Plate","Osmiyum Çekirdek Plakası"
"Osmium Reactor Core","Osmiyum Reaktör Çekirdeği"
"Overdrive Catalyst","Aşırı Yükleme Katalizörü"
"Overseer's Carapace","Gözetmenin Kabuğu"
"Overseer's Command","Gözetmenin Komutu"
"Overseer's Dome","Gözetmenin Kubbesi"
"Overseer's Lance","Gözetmenin Mızrağı"
"Oxygen","Oksijen"
"Oxygen-Blast Furnaces","Oksijen-Üflemeli Fırınlar"
"Oxygen-Enriched Smelting","Oksijenle Zenginleştirilmiş İzabe"
"Palladium","Paladyum"
"Palladium Fuel Cell","Paladyum Yakıt Hücresi"
"Palladium Fuel Cell Generator","Paladyum Yakıt Hücresi Jeneratörü"
"Particle Beam","Parçacık Işını"
"Particle of antimatter. Handle with semantic containment fields.","Antimadde parçacığı. Semantik muhafaza alanları ile taşıyın."
"Pathogen Cannon","Patojen Topu"
"Pathogen Core","Patojen Çekirdeği"
"Pathogen Purification","Patojen Saflaştırma"
"Patient Zero","Sıfırıncı Hasta"
"Patina Phantom","Patina Hayaleti"
"Pd-H2 fuel cell. High efficiency energy generation.","Pd-H2 yakıt hücresi. Yüksek verimli enerji üretimi."
"Pentlandite Ore","Pentlandit Cevheri"
"Pentlandite extraction.","Pentlandit çıkarımı."
"Persistent Schematics","Kalıcı Şemalar"
"Phase Horror","Faz Dehşeti"
"Phased Array","Faz Dizisi"
"Phosphor Terminal","Fosfor Terminali"
"Photon","Foton"
"Photon Torpedo","Foton Torpidosu"
"Pirate Skiff","Korsan Teknesi"
"Plague Drone","Veba Dronu"
"Plasma","Plazma"
"Plasma Bore","Plazma Delici"
"Plasma Cell","Plazma Hücresi"
"Plasma Cutter","Plazma Kesici"
"Plasma Drive","Plazma Motoru"
"Plasma Lancer","Plazma Mızraklı"
"Platinum","Platin"
"Platinum Catalyst","Platin Katalizörü"
"Platinum Catalyst Chamber","Platin Katalizör Odası"
"Platinum Catalyst Matrix","Platin Katalizör Matrisi"
"Platinum Drill","Platin Matkap"
"Platinum Extraction","Platin Çıkarımı"
"Platinum Ore","Platin Cevheri"
"Polish Quartz into a Focusing Crystal — optics for energy & cryo weapons.","Kuvarsı bir Odaklama Kristaline cilala — enerji ve kriyo silahları için optikler."
"Polymer Resin","Polimer Reçine"
"Power Systems","Güç Sistemleri"
"Powerful magnet for containment fields.","Muhafaza alanları için güçlü mıknatıs."
"Precious Metal Dredge","Değerli Metal Taraması"
"Precious Metal Refining","Değerli Metal Arıtımı"
"Precious metal extraction.","Değerli metal çıkarımı."
"Precision Calibration","Hassas Kalibrasyon"
"Precision machined actuator.","Hassas işlenmiş aktüatör."
"Precision-machined structural assembly. Requires Iron, Copper, Silicon, Carbon, and Lithium. Universal building block for advanced modules.","Hassas işlenmiş yapısal montaj. Demir, Bakır, Silikon, Karbon ve Lityum gerektirir. Gelişmiş modüller için evrensel yapı taşı."
"Precision-machined universal assembly from base metals. Required for advanced fabrication.","Temel metallerden hassas işlenmiş evrensel montaj. Gelişmiş üretim için gereklidir."
"Precursor Crystalline","Öncü Kristal"
"Pressurized helium and nitrogen for weapon cooling, charged with recovered cryo-essence.","Kurtarılan kriyo-öz ile yüklenmiş, silah soğutması için basınçlı helyum ve azot."
"Pressurized helium cooling unit for high-power weapons.","Yüksek güçlü silahlar için basınçlı helyum soğutma ünitesi."
"Primordial Armor","Kadim Zırh"
"Primordial Bulkhead","Kadim Bölme"
"Primordial Crystallizer","Kadim Kristalleştirici"
"Primordial Engineering","Kadim Mühendislik"
"Primordial Extractor","Kadim Çıkarıcı"
"Primordial Forge","Kadim Ocak"
"Primordial Shard","Kadim Parça"
"Primordial Titan","Kadim Titan"
"Prism Annihilator","Prizma Yokedici"
"Prism Drone","Prizma Dronu"
"Prismatic Alloy","Prizmatik Alaşım"
"Prismatic Barrier","Prizmatik Bariyer"
"Prismatic Railgun","Prizmatik Elektromanyetik Top"
"Prismatic Warden","Prizmatik Muhafız"
"Pristine Amethyst Core","Kusursuz Ametist Çekirdeği"
"Pristine Cobalt Core","Kusursuz Kobalt Çekirdeği"
"Pristine Crimson Core","Kusursuz Kızıl Çekirdeği"
"Pristine Topaz Core","Kusursuz Topaz Çekirdeği"
"Process Colony Salvage","Koloni Hurdasını İşle"
"Process unstable isotopes into concentrated nuclear fuel.","Kararsız izotopları işleyip konsantre nükleer yakıta dönüştür."
"Processing Tungsten","Tungsten İşleme"
"Processing XP","İşleme TP"
"Projected ion barrier. Restores 25% Shield Integrity.","Yansıtılan iyon bariyeri. Kalkan Bütünlüğünün %25'ini yeniler."
"Prospector Array","Maden Arayıcı Dizisi"
"Pt-ceramic catalyst. Increases ALL processing speed by 25%.","Pt-seramik katalizör. TÜM işlem hızını %25 artırır."
"Pulse Laser Mk.I","Atımlı Lazer Mk.I"
"Pulse Skimmer","Atımlı Sıyırıcı"
"Pump Water","Su Çıkar"
"Pure pressurized carbon lattice.","Saf basınçlı karbon kafesi."
"Purified Compound","Saflaştırılmış Bileşik"
"Pyrolysis Control","Piroliz Kontrolü"
"Quantum Cell","Kuantum Hücresi"
"Quantum Core","Kuantum Çekirdeği"
"Quantum Core Synthesis","Kuantum Çekirdek Sentezi"
"Quantum Drive","Kuantum Motoru"
"Quantum Dynamics","Kuantum Dinamikleri"
"Quantum Scanner","Kuantum Tarayıcı"
"Quantum Separators","Kuantum Ayırıcılar"
"Quantum Torpedo","Kuantum Torpidosu"
"Quantum-clocked control card. Install on a building in Infrastructure to overclock one unit to 200%.","Kuantum saatli kontrol kartı. Bir üniteyi %200 hıza aşırtmak için Altyapıdaki bir binaya kurun."
"Quantum-entangled processing substrate for sentient AI.","Bilinçli yapay zeka için kuantum dolanık işlem alt tabakası."
"Quarantine Barrier","Karantina Bariyeri"
"Quarantine Clearance","Karantina İzni"
"Quarantine Mech","Karantina Mekaniği"
"Quarantine Protocols","Karantina Protokolleri"
"Quarry Dolomite","Dolomit Taş Ocağı"
"Quartz Crystal","Kuvars Kristali"
"Quartz Mine","Kuvars Madeni"
"Quartz Resonator","Kuvars Rezonatörü"
"Quick patch from basic metals. Restores 10% Hull Integrity.","Temel metallerden hızlı yama. Gövde Bütünlüğünün %10'unu yeniler."
"Radiation Beast","Radyasyon Yaratığı"
"Radiation Shielding Theory","Radyasyon Kalkanı Teorisi"
"Radioactive Isotope","Radyoaktif İzotop"
"Railgun Mk.II","Elektromanyetik Top Mk.II"
"Rapid-deployment patch. Repairs 50 Hull Integrity instantly.","Hızlı dağıtım yaması. Anında 50 Gövde Bütünlüğünü onarır."
"Rapid-hardening polymer. Repairs 50 Hull Integrity.","Hızlı sertleşen polimer. 50 Gövde Bütünlüğünü onarır."
"Rare Research Artifact","Nadir Araştırma Eseri"
"Rare heavy metal ore.","Nadir ağır metal cevheri."
"Rare metal used in fuel cells and catalysis.","Yakıt hücrelerinde ve katalizde kullanılan nadir metal."
"Rare sulfide mineral. Source of Germanium.","Nadir sülfür minerali. Germanyum kaynağı."
"Re-smelt battlefield alloy scrap into structural steel.","Savaş alanı alaşım hurdasını yeniden eritip yapısal çeliğe dönüştür."
"Reactive Barrier","Reaktif Bariyer"
"Reactive Core","Reaktif Çekirdek"
"Reactor Overclocking","Reaktör Hız Aşırtma"
"Rebuild Advanced Circuitry","Gelişmiş Devreleri Yeniden Oluştur"
"Recast colony reactor-salvage into a heavy mining-grade alloy.","Koloni reaktör hurdasını ağır maden sınıfı alaşıma yeniden dök."
"Recharge Coolant Cell","Soğutucu Hücreyi Yeniden Şarj Et"
"Recharge a salvaged Glacier-Belt coolant cell into a Cryo-Shield Matrix. Restores 35% Shield.","Kurtarılmış bir Buzul Kuşağı soğutucu hücresini Kriyo-Kalkan Matrisine şarj et. %35 Kalkan yeniler."
"Recipe Efficiency","Tarif Verimliliği"
"Reclaim Circuitry","Devreleri Geri Kazan"
"Reclaim Salvaged Alloy","Kurtarılan Alaşımı Geri Kazan"
"Recovered colonial database.","Kurtarılan koloni veritabanı."
"Reduce Chromite to Chromium (Cr) via aluminum thermite.","Alüminyum termiti aracılığıyla Kromiti Krom'a (Cr) indirge."
"Reduce Dolomite ore into metallic Titanium sponge — the hand path before the Titanium Refinery.","Dolomit cevherini metalik Titanyum süngerine indirge — Titanyum Rafinerisinden önceki el yordamı."
"Refine Lithium","Lityum Arıt"
"Refine Malachite ore into pure Copper.","Malahit cevherini saf Bakıra arıt."
"Refine Quartz into industrial Silicon.","Kuvarsı endüstriyel Silikona arıt."
"Refine Radioactive Isotopes","Radyoaktif İzotopları Arıt"
"Reflexive Plating","Yansıtıcı Kaplama"
"Reforge Martian war-debris into structural plate.","Mars savaş enkazını yeniden döverek yapısal plakaya dönüştür."
"Reforge Superalloy","Süperalaşımı Yeniden Döv"
"Regenerative Hull Plating","Yenilenebilir Gövde Kaplaması"
"Regenerative Plating","Yenilenebilir Kaplama"
"Reinforce Carbon strands.","Karbon iplerini güçlendir."
"Reinforced Layers","Güçlendirilmiş Katmanlar"
"Reinforced Plating","Güçlendirilmiş Kaplama"
"Reinforced carbon strands used in advanced fabrication.","Gelişmiş üretimde kullanılan güçlendirilmiş karbon ipleri."
"Resonance Splitters","Rezonans Bölücüler"
"Resonance Tuning","Rezonans Ayarı"
"Resonant Amethyst Core","Rezonanslı Ametist Çekirdeği"
"Resonant Cobalt Core","Rezonanslı Kobalt Çekirdeği"
"Resonant Crimson Core","Rezonanslı Kızıl Çekirdeği"
"Resonant Foundry","Rezonans Dökümhanesi"
"Resonant Topaz Core","Rezonanslı Topaz Çekirdeği"
"Resource Surge","Kaynak Dalgası"
"Reverse-engineer xenon fragments into an exotic structural alloy.","Ksenon parçalarına tersine mühendislik uygulayıp egzotik yapısal alaşıma dönüştür."
"Rift Warden","Yarık Muhafızı"
"Rime Alloy","Kırağı Alaşımı"
"Roast Pentlandite sulfide in Oxygen, then reduce with Carbon for Nickel (Ni).","Pentlandit sülfürünü Oksijende kavur, ardından Nikel (Ni) için Karbon ile indirge."
"Roast the Zinc sulfide ore in Oxygen, then reduce with Carbon.","Çinko sülfür cevherini Oksijende kavur, ardından Karbon ile indirge."
"Rogue AI Core","Başıboş YZ Çekirdeği"
"Rogue Architect","Başıboş Mimar"
"Rot Leviathan","Çürük Leviathan"
"Rust Horror","Pas Dehşeti"
"Sabot","Sabot"
"Salvage Data","Hurda Verisi"
"Salvage Scanner","Hurda Tarayıcı"
"Salvage Swarm","Hurda Sürüsü"
"Salvaged data core containing basic engineering schematics.","Temel mühendislik şemaları içeren kurtarılmış veri çekirdeği."
"Scavenger Mech","Toplayıcı Mekanik"
"Scrap Collector","Hurda Toplayıcı"
"Sector 12 — The Rift","Sektör 12 — Yarık"
"Sector 13 — The Verdigris Reach","Sektör 13 — Patina Menzili"
"Sector 14 — The Dissolution","Sektör 14 — Çözünme"
"Sector 15 — The Caustic Core","Sektör 15 — Kostik Çekirdek"
"Sector Alpha","Sektör Alfa"
"Sector Alpha Decryption","Sektör Alfa Deşifresi"
"Sector Beta","Sektör Beta"
"Sector Delta","Sektör Delta"
"Sector Epsilon","Sektör Epsilon"
"Sector Gamma","Sektör Gama"
"Sector Scanning (Alpha)","Sektör Taraması (Alfa)"
"Sector Zeta","Sektör Zeta"
"Seek","Ara"
"Seeker Missile","Arayıcı Füze"
"Seeker Torpedo","Arayıcı Torpido"
"Self-healing armor using bio-hazard compounds.","Biyotehlikeli bileşikler kullanan kendi kendini iyileştiren zırh."
"Self-sharpening penetrator. +30 Kinetic Dmg per shot.","Kendi kendini bileyen delici. Atış başına +30 Kinetik Hasar."
"Semiconductor","Yarı İletken"
"Semiconductor Furnace","Yarı İletken Fırını"
"Semiconductor Wafer","Yarı İletken Levha"
"Semiconductor material used in advanced electronics.","Gelişmiş elektronikte kullanılan yarı iletken malzeme."
"Sentient AI Processor","Bilinçli YZ İşlemcisi"
"Sentient-grade artificial intelligence unit.","Bilinç düzeyinde yapay zeka ünitesi."
"Servo Overclock","Servo Hız Aşırtma"
"Shard Resonance","Parça Rezonansı"
"Shard Swarm","Parça Sürüsü"
"Sharpened Edge","Bilenmiş Kenar"
"Shield Booster","Kalkan Güçlendirici"
"Shield Harmonics","Kalkan Harmonikleri"
"Shield Siphon","Kalkan Sifonu"
"Shipwright I","Gemi Üretimi I"
"Shipwright II","Gemi Üretimi II"
"Siege Cannon","Kuşatma Topu"
"Sift large amounts of dirt for Gold flakes.","Altın pulları için büyük miktarda toprağı ele."
"Silicate Golem","Silikat Golem"
"Silicate Monolith","Silikat Monoliti"
"Silicon","Silikon"
"Silicon Furnace","Silikon Fırını"
"Silicon Smelting","Silikon İzabesi"
"Silver","Gümüş"
"Silver Catalyst","Gümüş Katalizör"
"Silver Catalyst Bay","Gümüş Katalizör Bölmesi"
"Singularity","Tekillik"
"Singularity Bomb","Tekillik Bombası"
"Skilling Tempo","Yetenek Temposu"
"Slug","Mermi"
"Smelt Cassiterite to extract Tin (Sn).","Kalay (Sn) çıkarmak için Kassiteriti erit."
"Smelt asteroid-pirate salvage into workable hull alloy — the Asteroid Belt's gear-grade stock.","Asteroit korsanı hurdasını işlenebilir gövde alaşımına erit — Asteroit Kuşağının donanım sınıfı stoğu."
"Sn-Nb alloy magnets for advanced shielding and engines.","Gelişmiş kalkanlama ve motorlar için Sn-Nb alaşımlı mıknatıslar."
"Socket into epic modules. +10% Defense & Evasion.","Destansı modüllere tak. +%10 Savunma ve Kaçınma."
"Socket into epic modules. +10% Hull & Jamming.","Destansı modüllere tak. +%10 Gövde ve Karıştırma."
"Socket into epic modules. +10% Kinetic & Energy Offense.","Destansı modüllere tak. +%10 Kinetik ve Enerji Saldırısı."
"Socket into epic modules. +10% Utilities.","Destansı modüllere tak. +%10 Yardımcı."
"Socket into epic modules. +18% Armor Pen / Evasion.","Destansı modüllere tak. +%18 Zırh Delme / Kaçınma."
"Socket into epic modules. +18% Atk Speed / Shield Regen.","Destansı modüllere tak. +%18 Saldırı Hızı / Kalkan Yenileme."
"Socket into epic modules. +18% Hull & Resist Pierce.","Destansı modüllere tak. +%18 Gövde ve Delme Direnci."
"Socket into epic modules. +2% Defense & Evasion.","Destansı modüllere tak. +%2 Savunma ve Kaçınma."
"Socket into epic modules. +2% Hull & Jamming.","Destansı modüllere tak. +%2 Gövde ve Karıştırma."
"Socket into epic modules. +2% Kinetic & Energy Offense.","Destansı modüllere tak. +%2 Kinetik ve Enerji Saldırısı."
"Socket into epic modules. +2% Utilities.","Destansı modüllere tak. +%2 Yardımcı."
"Socket into epic modules. +5% Defense & Evasion.","Destansı modüllere tak. +%5 Savunma ve Kaçınma."
"Socket into epic modules. +5% Hull & Jamming.","Destansı modüllere tak. +%5 Gövde ve Karıştırma."
"Socket into epic modules. +5% Kinetic & Energy Offense.","Destansı modüllere tak. +%5 Kinetik ve Enerji Saldırısı."
"Socket into epic modules. +5% Utilities.","Destansı modüllere tak. +%5 Yardımcı."
"Socket into epic modules. +60% Crit Dmg & +15% Crit.","Destansı modüllere tak. +%60 Kritik Hasar ve +%15 Kritik İhtimali."
"Solar Array","Güneş Dizisi"
"Sovereign Prism","Hükümdar Prizması"
"Sovereign's Corona","Hükümdarın Tacı"
"Sovereign's Mantle","Hükümdarın Pelerini"
"Sovereign's Prism","Hükümdarın Prizması"
"Sovereign's Ray","Hükümdarın Işını"
"Space Dust Mite","Uzay Tozu Akarı"
"Spare Parts","Yedek Parçalar"
"Specialized processor for weapon tracking.","Silah izleme için uzman işlemci."
"Sphalerite mineral.","Sfalerit minerali."
"Split Water into Hydrogen and Oxygen.","Suyu Hidrojen ve Oksijene ayır."
"Stabilize charged exotic isotopes into a radiation-tempered alloy.","Yüklü egzotik izotopları radyasyonla temperlenmiş bir alaşıma stabilize et."
"Stable Amethyst Core","Kararlı Ametist Çekirdeği"
"Stable Cobalt Core","Kararlı Kobalt Çekirdeği"
"Stable Crimson Core","Kararlı Kızıl Çekirdeği"
"Stable Topaz Core","Kararlı Topaz Çekirdeği"
"Stable quantum singularity. The heart of a Dreadnought.","Kararlı kuantum tekilliği. Bir Dretnotun kalbi."
"Stainless Armor","Paslanmaz Zırh"
"Stainless Steel","Paslanmaz Çelik"
"Stainless Steel Alloy","Paslanmaz Çelik Alaşımı"
"Standard Circuit Assembly","Standart Devre Montajı"
"Standard energy storage unit for early ships.","Erken gemiler için standart enerji depolama ünitesi."
"Standard high-explosive ordnance.","Standart yüksek patlayıcı mühimmat."
"Standard high-explosive ordnance. +10 Explosive Dmg.","Standart yüksek patlayıcı mühimmat. +10 Patlayıcı Hasar."
"Standard iron slugs. +5 Kinetic Dmg per shot.","Standart demir mermiler. Atış başına +5 Kinetik Hasar."
"Standardized energy batteries. +25 Energy Dmg.","Standart enerji bataryaları. +25 Enerji Hasarı."
"Static Burst","Statik Patlama"
"Static Hauler","Statik Taşıyıcı"
"Steel","Çelik"
"Steel Slugs","Çelik Mermiler"
"Strip Mine Bauxite","Boksit Şerit Madeni"
"Strip and re-trace damaged boards into working circuits.","Hasarlı kartları sök ve çalışan devrelere dönüştür."
"Stripped Circuitry (Fallback)","Sökülmüş Devreler (Geri Çekilme)"
"Strong metal widely used in construction.","İnşaatta yaygın olarak kullanılan güçlü metal."
"Strong, lightweight metal used in aerospace.","Havacılıkta kullanılan güçlü, hafif metal."
"Structural Component","Yapısal Bileşen"
"Structural Exploitation","Yapısal Sömürü"
"Structural Lattice Press","Yapısal Kafes Presi"
"Structural Press","Yapısal Pres"
"Sulfide ore excavation.","Sülfür cevheri kazısı."
"Super-cooled nitrogen for industrial cooling systems.","Endüstriyel soğutma sistemleri için aşırı soğutulmuş azot."
"Superalloy","Süperalaşım"
"Superalloy Engine","Süperalaşım Motoru"
"Superalloy Engineering","Süperalaşım Mühendisliği"
"Superalloy Forge","Süperalaşım Ocağı"
"Superalloy Plate","Süperalaşım Plakası"
"Superconducting Magnet","Süper İletken Mıknatıs"
"Supercools shield generators for rapid integrity restoration. Restores 35% Shield.","Hızlı bütünlük restorasyonu için kalkan jeneratörlerini aşırı soğutur. %35 Kalkan yeniler."
"Superfluid Intake","Süperakışkan Girişi"
"Superheated gas canister. +15 Energy Dmg per shot.","Aşırı ısınmış gaz kutusu. Atış başına +15 Enerji Hasarı."
"Survey Probe","Tarama Sondası"
"Swarm","Sürü"
"Synthesize Rare Artifact","Nadir Eser Sentezle"
"Synthesize a high-bandwidth AI processing core.","Yüksek bant genişliğine sahip bir YZ işlemci çekirdeği sentezle."
"Synthesize navigation data from salvaged schematics and Liras.","Kurtarılan şemalar ve Liralardan navigasyon verisi sentezle."
"Synthesize pathogen samples into biological weapon coating.","Patojen örneklerini biyolojik silah kaplamasına sentezle."
"Synthesize resin from hydrocarbons.","Hidrokarbonlardan reçine sentezle."
"Synthetic resin base for sealants and plastics.","Sızdırmazlık malzemeleri ve plastikler için sentetik reçine tabanı."
"Tactical Breach Chance","Taktiksel İhlal İhtimali"
"Targeting Array Fabrication","Hedefleme Dizisi Üretimi"
"Targeting Chip","Hedefleme Çipi"
"Targeting Computer","Hedefleme Bilgisayarı"
"Technical schematics recovered from derelict probes. Essential for engineering research.","Terk edilmiş sondalardan kurtarılan teknik şemalar. Mühendislik araştırmaları için elzem."
"Temper frost-fused hull scrap with glacial essence into cold-rated alloy.","Buzla kaynaşmış gövde hurdasını buzul özüyle temperleyerek soğuğa dayanıklı alaşıma dönüştür."
"Temporal Drive","Zamansal Motor"
"Temporal Phantom","Zamansal Hayalet"
"Temporal Stabilizer","Zamansal Sabitleyici"
"Temporal Tracker","Zamansal İzleyici"
"Terraforming Processor","Dünyalaştırma İşlemcisi"
"The Threshold","Eşik"
"The basis of life and organic chemistry.","Yaşamın ve organik kimyanın temeli."
"The most abundant element in the universe. Essential fuel.","Evrendeki en bol element. Hayati yakıt."
"The ultimate boss core, pulsing with primordial energy. The rarest crafting material.","İlkel enerjiyle titreşen nihai bölüm sonu canavarı çekirdeği. En nadir üretim malzemesi."
"The ultimate defensive material.","Nihai savunma malzemesi."
"Thermo","Termo"
"Threshold Relic — Rift","Eşik Kalıntısı — Yarık"
"Threshold Warden","Eşik Muhafızı"
"Tin","Kalay"
"Tin Mine","Kalay Madeni"
"Tin Smelter","Kalay İzabe Fırını"
"Tin Smelting","Kalay İzabesi"
"Tin ore.","Kalay cevheri."
"Titan","Titan"
"Titan Overlord Trophy","Titan Derebeyi Ganimeti"
"Titan's Aegis","Titan'ın Kalkanı"
"Titan's Bulwark","Titan'ın Siperi"
"Titan's Legacy","Titan'ın Mirası"
"Titan's Wrath","Titan'ın Gazabı"
"Titan-forged plating. While held: +30% hull HP on every ship. Permanent passive — one is enough.","Titan dövmesi kaplama. Elde tutulduğunda: Her gemide +%30 gövde canı. Kalıcı pasif — bir tane yeterli."
"Titanium","Titanyum"
"Titanium Reduction","Titanyum İndirgemesi"
"Titanium Refinery","Titanyum Rafinerisi"
"Toxin Sentinel","Toksin Nöbetçisi"
"Tungsten","Tungsten"
"Tungsten Sabot","Tungsten Sabot"
"Tungsten Vein Mining","Tungsten Damarı Madenciliği"
"Tungsten-Superalloy sabot for railguns. +60 Kinetic Dmg.","Elektromanyetik toplar için Tungsten-Süperalaşım sabot. +60 Kinetik Hasar."
"Tungsten-Superalloy sabot for railguns. Extreme kinetic impact.","Elektromanyetik toplar için Tungsten-Süperalaşım sabot. Ekstrem kinetik etki."
"Turret Core","Taret Çekirdeği"
"Ultimate power storage using void essence compression.","Hiçlik özü sıkıştırması kullanan nihai güç depolama."
"Ultra-dense armor-piercing alloy.","Ultra-yoğun zırh delici alaşım."
"Ultrasonic Drills","Ultrasonik Matkaplar"
"Unstable fusion plasma containment. +60 Energy Dmg.","Kararsız füzyon plazma muhafazası. +60 Enerji Hasarı."
"Unstable fusion plasma containment. Extreme damage.","Kararsız füzyon plazma muhafazası. Ekstrem hasar."
"Unstable isotope with anomalous properties.","Anormal özelliklere sahip kararsız izotop."
"Unstable power core.","Kararsız güç çekirdeği."
"Unstable singularity core. +30 Energy Dmg per shot.","Kararsız tekillik çekirdeği. Atış başına +30 Enerji Hasarı."
"Uranium","Uranyum"
"Uranium Isotope Centrifuge","Uranyum İzotop Santrifüjü"
"Use Oxygen to blast smelt Steel efficiently. Manganese deoxidises the melt for a higher yield.","Çeliği verimli bir şekilde eritmek için Oksijen kullan. Manganez, daha yüksek verim için eriyiği deokside eder."
"Used in dopants for semiconductors.","Yarı iletkenler için katkı maddelerinde kullanılır."
"Used in electronics and glass making.","Elektronik ve cam yapımında kullanılır."
"Used in soldering and bronze alloys.","Lehimleme ve bronz alaşımlarında kullanılır."
"Used in steel production and alloys.","Çelik üretimi ve alaşımlarda kullanılır."
"Utilize mite chitin for emergency hull repairs. Restores 15% Hull Integrity.","Acil gövde onarımları için akar kitinini kullan. Gövde Bütünlüğünün %15'ini yeniler."
"Utilized to repair degraded modules and restore durability.","Bozunmuş modülleri onarmak ve dayanıklılığı geri kazandırmak için kullanılır."
"Vacuum energy extraction. Restores 50% Shield Integrity.","Vakum enerji çıkarımı. %50 Kalkan Bütünlüğünü yeniler."
"Vapor","Buhar"
"Vaporizer Cell","Buharlaştırıcı Hücresi"
"Verdigris Warden","Patina Muhafızı"
"Versatile metal used in batteries and superalloys.","Bataryalarda ve süperalaşımlarda kullanılan çok yönlü metal."
"Very hard, brittle, silvery-white transition metal. Extremely rare.","Çok sert, kırılgan, gümüşi beyaz geçiş metali. Son derece nadir."
"Void Aegis","Hiçlik Kalkanı"
"Void Annihilator","Hiçlik Yokedici"
"Void Artifact","Hiçlik Eseri"
"Void Battery","Hiçlik Bataryası"
"Void Beam","Hiçlik Işını"
"Void Conqueror Trophy","Hiçlik Fatihi Ganimeti"
"Void Crystal","Hiçlik Kristali"
"Void Crystallizer","Hiçlik Kristalleştirici"
"Void Distillation","Hiçlik Damıtması"
"Void Engine","Hiçlik Motoru"
"Void Essence","Hiçlik Özü"
"Void Hunter","Hiçlik Avcısı"
"Void Lattice Weave","Hiçlik Kafesi Örgüsü"
"Void Leviathan","Hiçlik Leviathanı"
"Void Navigation","Hiçlik Navigasyonu"
"Void Reaver","Hiçlik Yağmacısı"
"Void Rift Anchor","Hiçlik Yarığı Çapası"
"Void Shielding Optimization","Hiçlik Kalkan Optimizasyonu"
"Void Stalker","Hiçlik İz Sürücüsü"
"Void Strike","Hiçlik Saldırısı"
"Void Weaponry Optimization","Hiçlik Silahları Optimizasyonu"
"Void-compressed power cell. While held: +40% ship energy capacity. Permanent passive — one is enough.","Hiçlikle sıkıştırılmış güç hücresi. Elde tutulduğunda: +%40 gemi enerji kapasitesi. Kalıcı pasif — bir tane yeterli."
"Warden's Containment","Muhafızın Muhafazası"
"Warden's Lockdown","Muhafızın Karantinası"
"Warden's Quarantine","Muhafızın İzolasyonu"
"Warden's Scalpel","Muhafızın Neşteri"
"Warmaster's Aegis","Savaş Ustasının Kalkanı"
"Warmaster's Arsenal","Savaş Ustasının Cephaneliği"
"Warmaster's Bulkhead","Savaş Ustasının Bölmesi"
"Warmaster's Railgun","Savaş Ustasının Elektromanyetik Topu"
"Warp Drive Theory","Warp Motoru Teorisi"
"Warp Revenant","Warp Heyulası"
"Wash Dirt with Water to extract Iron more efficiently.","Demiri daha verimli bir şekilde çıkarmak için Toprağı Su ile yıka."
"Water","Su"
"Water Electrolysis","Su Elektrolizi"
"Weapon Tuning","Silah Ayarı"
"Weapon augment for biological warfare.","Biyolojik savaş için silah eklentisi."
"Weave fiber for hull reinforcement. Restores 25% Hull Integrity.","Gövde takviyesi için lif ör. Gövde Bütünlüğünün %25'ini yeniler."
"Wood","Odun"
"Wreckforged Alloy","Enkaz Dövmesi Alaşım"
"Xeno-Archaeology","Xeno-Arkeoloji"
"Xeno-Engineering","Xeno-Mühendisliği"
"Xenoforged Alloy","Ksenodövme Alaşım"
"Xenon Barrier","Ksenon Bariyeri"
"Xenon Corvette","Ksenon Korveti"
"Xenon Harbinger","Ksenon Müjdecisi"
"Xenon Scout","Ksenon İzcisi"
"Xenon technology data cores. Essential for capital ship engineering.","Ksenon teknolojisi veri çekirdekleri. Ana gemi mühendisliği için elzemdir."
"Yield Calibration","Verim Kalibrasyonu"
"Zero-Point Beam","Sıfır-Noktası Işını"
"Zero-Point Cell Synthesizer","Sıfır-Noktası Hücre Sentezleyici"
"Zero-Point Injector","Sıfır-Noktası Enjektörü"
"Zero-Point Module","Sıfır-Noktası Modülü"
"Zeta Purifier Trophy","Zeta Arındırıcısı Ganimeti"
"Zinc","Çinko"
"Zinc Mine","Çinko Madeni"
"Zinc Ore","Çinko Cevheri"
"Zinc Reduction","Çinko İndirgemesi"
"Zinc Smelter","Çinko İzabe Fırını"
"Zinc ore extraction.","Çinko cevheri çıkarımı."
"Zinc-coated steel. Corrosion resistant.","Çinko kaplı çelik. Korozyona dayanıklı."
"%d","%d"
"%d %s","%d %s"
"%d / %d","%d / %d"
"%d / %d  ·  %s","%d / %d  ·  %s"
"%d / %d  ▸  LV %d","%d / %d  ▸  LV %d"
"%d units","%d birim"
"%d%%","%%%d"
"%d/%d","%d/%d"
"%s","%s"
"%s","%s"
"%s   ·   Power %s","%s   ·   Güç %s"
"%s  %d/%d","%s  %d/%d"
"%s  +%d◈","%s  +%d◈"
"%s  ·  LOCKED","%s  ·  KİLİTLİ"
"%s  ×%.1f","%s  ×%.1f"
"%s  ×%s","%s  ×%s"
"%s %d","%s %d"
"%s (x%d)","%s (x%d)"
"%s / %s","%s / %s"
"%s / %s   (toward +%d %s)","%s / %s   (+%d %s hedefine)"
"%s Mastery  Lv %d  (+%d%% output)","%s Ustalığı Svy %d  (+%%%d çıktı)"
"%s [%s]","%s [%s]"
"%s x%d","%s x%d"
"%s · %s","%s · %s"
"%s[color=#%s]%s%s[/color]  [color=#%s]%s[/color]","%s[color=#%s]%s%s[/color]  [color=#%s]%s[/color]"
"%s\n+","%s\n+"
"'+1M Liras' lets you execute a natural warp (gain calc returns ~1 shard). 'Force Warp' bumps total_warps and grants 1 shard directly — NO world reset, so you keep gear/progress for rapid branch-reveal testing.","'+1M Lira' doğal bir warp gerçekleştirmenizi sağlar (kazanç hesaplaması ~1 parça döndürür). 'Zorla Warp' total_warps'ı artırır ve doğrudan 1 parça verir — Dünya SIFIRLANMAZ, bu nedenle hızlı dal-gösterme testleri için ekipman/ilerlemeyi korursunuz."
"+%d","+%d"
"+%d %s · READY","+%d %s · HAZIR"
"+%d %s%s","+%d %s%s"
"+%s","+%s"
"0.0s / %s","0.0s / %s"
"= +%s◈","= +%s◈"
"A hole torn in spacetime by the sector boss's collapse. Entering executes a Warp: +%d Exotic Shard%s%s. The run resets; research, ships and Exotic Matter persist.","Sektör patronunun çöküşüyle uzay-zamanda açılan bir delik. Girmek bir Warp gerçekleştirir: +%d Egzotik Parça%s%s. Tur sıfırlanır; araştırma, gemiler ve Egzotik Madde kalır."
"A multi-wave gauntlet — no single target to pick.","Çok dalgalı bir eldiven — seçilecek tek bir hedef yok."
"ABANDON","TERK ET"
"ACTIVE","AKTİF"
"ANCHOR BOLT — lock which affix?","ÇAPA CİVATASI — Hangi ek düzeltilsin?"
"ATK: %s | DEF: %s | EVA: %.0f | CRIT: %.0f%%","SDR: %s | SAV: %s | KÇN: %.0f | KRT: %%%.0f"
"AUX · ANY","YRD · HERHANGİ"
"AVAILABLE %d %s  ·  SPENT %d  ·  EARNED %d","MEVCUT %d %s  ·  HARCANAN %d  ·  KAZANILAN %d"
"Active","Aktif"
"Active palette","Aktif palet"
"Active slot — %s\nProduction — %s\nMaterials — %s\nDamage — %s","Aktif yuva — %s\nÜretim — %s\nMateryaller — %s\nHasar — %s"
"All boards refresh in: %dh %dm","Tüm panoların yenilenmesine: %ds %dd"
"Amount","Miktar"
"Applies only to\nweapon drops.","Sadece silah\ndüşmelerine uygulanır."
"Atk: %s","Sdr: %s"
"Auto-fit the active hull at the chosen Tier + Rarity. Bypasses research gates. Overwrites current loadout.","Aktif gövdeyi seçilen Aşama + Nadirlikte otomatik donat. Araştırma kapılarını atlar. Mevcut dizilimin üzerine yazar."
"BACK TO STAR MAP","YILDIZ HARİTASINA DÖN"
"BOSS","BÖLÜM SONU CANAVARI"
"BUILD  (consumes your surplus)","İNŞA ET  (fazlalığınızı tüketir)"
"BUILD x1","İNŞA ET x1"
"BUILD x10","İNŞA ET x10"
"BUILD x100","İNŞA ET x100"
"Balance Telemetry (debug)","Denge Telemetrisi (hata ayıklama)"
"Build name…","Dizilim adı…"
"Build slot %d — active (edits save here automatically).","Dizilim yuvası %d — aktif (düzenlemeler otomatik kaydedilir)."
"Build slot %d — empty. Switch here and build a fresh loadout.","Dizilim yuvası %d — boş. Buraya geçin ve yeni bir dizilim oluşturun."
"Build x%d","İnşa x%d"
"CLAIM","TALEP ET"
"CLAIM ALL (%d)","TÜMÜNÜ TALEP ET (%d)"
"CLAIM REWARD","ÖDÜLÜ TALEP ET"
"CLAIMED","TALEP EDİLDİ"
"CLEAR","TEMİZLE"
"COMPLETED","TAMAMLANDI"
"CONS: %.1f kW","TÜKETİM: %.1f kW"
"CONS: %.1f kW  (Grid Stalled: %d%%)","TÜKETİM: %.1f kW  (Şebeke Durdu: %%%d)"
"CONS: %.1f kW  [THROTTLED TO %d%% — BUILD MORE POWER]","TÜKETİM: %.1f kW  [%%%d'YE KISILDI — DAHA FAZLA GÜÇ İNŞA EDİN]"
"CONSUMABLES","SARF MALZEMELERİ"
"CRYO only (warp-hardened)","Sadece KRİYO (warp ile sertleştirilmiş)"
"Cancel","İptal"
"Cap Full","Kapasite Dolu"
"Cargo slots — sell or expand storage when full.","Kargo yuvaları — dolduğunda satın veya depolamayı genişletin."
"Category: %s","Kategori: %s"
"Claimed","Talep Edildi"
"Class Tier: %d","Sınıf Aşaması: %d"
"Click a cluster on the chart, then engage.","Haritadaki bir kümeye tıkla, sonra saldır."
"Click a sector on the chart to drill in.","İçine girmek için haritadaki bir sektöre tıkla."
"Click this sector to drop in and scan its hostiles.","Düşmanları taramak ve giriş yapmak için bu sektöre tıkla."
"Click to rename this build.","Bu dizilimi yeniden adlandırmak için tıkla."
"Close","Kapat"
"Color Palette","Renk Paleti"
"Completed: %d","Tamamlanan: %d"
"Completed: %d | Slots: %d/%d","Tamamlanan: %d | Yuva: %d/%d"
"Cooldown  %.1fs","Bekleme Süresi  %.1fs"
"Cooldown: %.1fs","Bekleme Süresi: %.1fs"
"Cost:","Maliyet:"
"DEMOLISH SELECTED (%d)","SEÇİLİLERİ YIK (%d)"
"DEMOLISH SELECTED (0)","SEÇİLİLERİ YIK (0)"
"DMG: %s [%s] | DEF: %s","HSR: %s [%s] | SAV: %s"
"DMG: 0 | DEF: 0","HSR: 0 | SAV: 0"
"DPS","SHS"
"DROP ONLY","SADECE DÜŞÜREREK"
"DURATION BONUS","SÜRE BONUSU"
"Demolish every non-equipped Common + Uncommon module.","Kuşanılmamış tüm Sıradan + Sıra Dışı modülleri yık."
"Demolish every non-equipped Common module.","Kuşanılmamış tüm Sıradan modülleri yık."
"ENEMIES","DÜŞMANLAR"
"ENTER GAUNTLET","ZORLU MÜCADELEYE GİR"
"ENTER THE SINGULARITY","TEKİLLİĞE GİR"
"EQUIP","KUŞAN"
"EXIT SELECTION","SEÇİMDEN ÇIK"
"Efficiency","Verimlilik"
"Empty Matrix Socket — a core here gives its %s-slot bonus\n[Click a Matrix Core, then click here to socket it]","Boş Matris Yuvası — buradaki bir çekirdek %s yuva bonusunu verir\n[Bir Matris Çekirdeğine, ardından yerleştirmek için buraya tıkla]"
"Energy: %d/%d","Enerji: %d/%d"
"Equip a %s consumable in Ship Designer.","Gemi Tasarımcısında bir %s sarf malzemesi kuşan."
"Eva: %.1f%%","Kaçınma: %%%.1f"
"Expand Storage (+1 Slot) - %s Liras","Depolamayı Genişlet (+1 Yuva) - %s Lira"
"FEED","BESLE"
"FEED THE CORE","ÇEKİRDEĞİ BESLE"
"FIRST WARP — WHAT YOU'LL UNLOCK","İLK WARP — KİLİDİNİ AÇACAKLARINIZ"
"FLEET COMMAND","FİLO KOMUTASI"
"Fleet Strength:  %s  ·  +%d%% ship damage in combat","Filo Gücü:  %s  ·  çatışmada +%%%d gemi hasarı"
"Fleet Strength:  %s  ·  build ships to add combat damage","Filo Gücü:  %s  ·  savaş hasarı eklemek için gemi inşa edin"
"Fleet:  %d / %d","Filo:  %d / %d"
"Forge your material surplus into a battle-fleet. Capacity grows with every Warp. Each ship adds +25% of your ship's damage in combat (up to +100%).","Fazla materyallerinizle bir savaş filosu dövün. Kapasite her Warp ile büyür. Her gemi, çatışmada geminizin hasarına +%25 ekler (en fazla +%100)."
"Free-unlock zone_N_access research. Cascades Z2 → chosen tier so prerequisite chains stay intact.","zone_N_access araştırmasını ücretsiz açar. Z2 → seçilen aşamaya kadar ardışık açarak önkoşul zincirlerini sağlam tutar."
"Fuse Cores","Çekirdekleri Kaynaştır"
"GEN: %.1f kW","ÜRETİM: %.1f kW"
"GOLD [u]MASTERY[/u]%s","ALTIN [u]USTALIĞI[/u]%s"
"GRAVITATIONAL ANOMALY","KÜTLEÇEKİMSEL ANOMALİ"
"GRID","ŞEBEKE"
"Got it","Anladım"
"Grant Boost Cards, set the exact Efficiency research tier (x2/x3/x4/x5/x10), or +10 every owned building for overclock-cap testing.","Güçlendirme Kartları ver, kesin Verimlilik araştırma aşamasını belirle (x2/x3/x4/x5/x10), veya hız aşırtma sınırı testi için sahip olunan her binaya +10 ekle."
"HACK CARDS:","HACK KARTLARI:"
"HANDSHAKE: [OK] | DECRYPTING PACKETS...","EL SIKIŞMA: [TAMAM] | PAKETLER DEŞİFRE EDİLİYOR..."
"HORIZON","HORIZON"
"HORIZON IDLE  ·  DEMO","HORIZON IDLE  ·  DEMO"
"HP: %d / %d","CAN: %d / %d"
"HP: %d | Shield: %d\nATK: %d | DEF: %d","CAN: %d | Kalkan: %d\nSDR: %d | SAV: %d"
"HP: %d\nSlots: %d","CAN: %d\nYuvalar: %d"
"HULL CRITICAL — tap to repair now!","GÖVDE KRİTİK — hemen onarmak için dokun!"
"HULL REPAIR","GÖVDE ONARIMI"
"HULL: %s/%s","GÖVDE: %s/%s"
"Hard reset wipes your save permanently — this cannot be undone.","Sert sıfırlama kaydınızı kalıcı olarak siler — bu geri alınamaz."
"Horizon Idle · demo build · changes save automatically","Horizon Idle · demo sürümü · değişiklikler otomatik kaydedilir"
"IDLE","BOŞTA"
"IN COMBAT","ÇATIŞMADA"
"INFRASTRUCTURE","ALTYAPI"
"INSTALL BOOST CARD","GÜÇLENDİRME KARTI KUR"
"INSUFFICIENT RESOURCES","YETERSİZ KAYNAK"
"INVALID ID","GEÇERSİZ KİMLİK"
"In Storage: %d","Depoda: %d"
"Intel:","İstihbarat:"
"KEEPS  Research · Ships · Exotic Matter · Mastery          RESETS  Liras · Buildings · Resources · Skill levels (30% XP)","KORUNANLAR  Araştırma · Gemiler · Egzotik Madde · Ustalık          SIFIRLANANLAR  Lira · Binalar · Kaynaklar · Yetenek seviyeleri (%30 TP)"
"L%d","S%d"
"LAST KILL  %s","SON LEŞ  %s"
"LEVEL %d REQUIRED","SEVİYE %d GEREKLİ"
"LOADOUTS","DİZİLİMLER"
"LOCKED","KİLİTLİ"
"LOCKED  ·  unlock prerequisites first","KİLİTLİ  ·  önce gereksinimleri aç"
"LOOT FILTER","GANİMET FİLTRESİ"
"LV 100  MAX","SVY 100  MAKS"
"Level: %d","Seviye: %d"
"Loadout %d — empty (build & name one in the Ship Designer).","Dizilim %d — boş (Gemi Tasarımcısında oluştur ve adlandır)."
"Loot ×%.2f (stack up to %d)","Ganimet ×%.2f (%d kademeye kadar birikir)"
"Loot ×1.00 (stack up to %d)","Ganimet ×1.00 (%d kademeye kadar birikir)"
"Lvl %d","Svy %d"
"MAGAZINES EMPTY","ŞARJÖRLER BOŞ"
"MAP MODS — juice the sector","HARİTA MODLARI — sektörü canlandır"
"MATERIALS","MATERYALLER"
"MATRIX CORE","MATRİS ÇEKİRDEĞİ"
"MATRIX CORE · %s SLOT","MATRİS ÇEKİRDEĞİ · %s YUVASI"
"MAX","MAKS"
"Manage","Yönet"
"Material","Materyal"
"Material Grant (debug)","Materyal Yardımı (hata ayıklama)"
"Matrix Core: %s\n%s  (active in this %s slot)\n[Click to remove]","Matris Çekirdeği: %s\n%s  (bu %s yuvasında aktif)\n[Kaldırmak için tıkla]"
"Maxed","Maksimum"
"Missing Materials","Eksik Materyaller"
"Missing: %s","Eksik: %s"
"Mission Control (debug)","Görev Kontrolü (hata ayıklama)"
"NET: %.1f kW  GRID COLLAPSING","NET: %.1f kW  ŞEBEKE ÇÖKÜYOR"
"NET: %.1f kW  POWER DEFICIT","NET: %.1f kW  GÜÇ AÇIĞI"
"NET: +%.1f kW","NET: +%.1f kW"
"NO HULL SELECTED","HİÇBİR GÖVDE SEÇİLMEDİ"
"NO SINGULARITY DETECTED THIS RUN","BU TURDA TEKİLLİK TESPİT EDİLMEDİ"
"NO TARGET","HEDEF YOK"
"Need %s","Gereken %s"
"No active contracts.\nAccept contracts from the board.","Aktif sözleşme yok.\nPanodan sözleşme kabul et."
"No contracts in this sector.\nWait for refresh...","Bu sektörde sözleşme yok.\nYenilenmesini bekle..."
"No data found for %s","%s için veri bulunamadı"
"No ships yet — build your first hull above.","Henüz gemi yok — ilk gövdeni yukarıda inşa et."
"None","Yok"
"Offline Welcome (debug)","Çevrimdışı Karşılama (hata ayıklama)"
"Only loot you keep is rolled — filtered drops are skipped entirely.","Sadece elinizde tuttuğunuz ganimetler zarda çekilir — filtrelenmiş düşmeler tamamen atlanır."
"Open Missions","Açık Görevler"
"Overclock / Efficiency (debug)","Hız Aşırtma / Verimlilik (hata ayıklama)"
"Owned: %d","Sahip Olunan: %d"
"Owned: %d / %d","Sahip Olunan: %d / %d"
"Page %d / %d","Sayfa %d / %d"
"Pick %s from the list to view full details.","Tüm detayları görmek için listeden %s seç."
"Pour surplus materials into the Core — accrues Resonance, redeemed as bonus shards at your next Warp. Your stockpiles are never touched unless you feed them.","Fazla materyalleri Çekirdeğe dökün — Rezonans biriktirir, sonraki Warp'ınızda bonus parçalar olarak kullanılır. Stoklarınıza siz beslemediğiniz sürece asla dokunulmaz."
"READY","HAZIR"
"REFIT BAY — remove & reroll which affix?","ONARIM BÖLMESİ — hangi ek kaldırılsın ve yeniden atılsın?"
"REFRESH ZONE (%s CR)","BÖLGEYİ YENİLE (%s KR)"
"RENAME BUILD","DİZİLİMİ YENİDEN ADLANDIR"
"REQUIRES WARP CORE ACTIVATION","WARP ÇEKİRDEĞİ AKTİVASYONU GEREKTİRİR"
"REROLL BOARD (%s CR)","PANOYU YENİLE (%s KR)"
"RESEARCH","ARAŞTIRMA"
"RESEARCH  ·  Lvl %d → %d","ARAŞTIRMA  ·  Svy %d → %d"
"RESEARCH REQUIRED","ARAŞTIRMA GEREKLİ"
"RESEARCHED","ARAŞTIRILDI"
"RESOLVING TEMPORAL DRIFT...","ZAMANSAL KAYMA ÇÖZÜLÜYOR..."
"RESOURCE","KAYNAK"
"ROSTER","KADRO"
"Refreshing...","Yenileniyor..."
"Rename","Yeniden Adlandır"
"Rename the active loadout preset:","Aktif dizilim ön ayarını yeniden adlandır:"
"Repair  %d%%","Onar  %%%d"
"Repair this module without entering global Repair Mode.","Global Onarım Moduna girmeden bu modülü onar."
"Repair tool — pick it up, then click a damaged module. Right-click / Esc to put it back.","Onarım aleti — eline al, sonra hasarlı bir modüle tıkla. Geri koymak için Sağ tık / Esc."
"Replays the offline welcome-back telemetry with a sample 15h report (multiple activities + a long material list, so the scrollable cargo ledger is exercised).","Çevrimdışı karşılama telemetrisini 15 saatlik bir örnek raporla tekrar oynatır (kaydırılabilir kargo defterinin çalışması için birden fazla etkinlik + uzun bir materyal listesi)."
"Req: %s","Gerekli: %s"
"Req: %s (Warp Tree)","Gerekli: %s (Warp Ağacı)"
"Requires Lv %d","Svy %d Gerektirir"
"Research Required","Araştırma Gerekli"
"Restores %d%% %s","%%%d %s yeniler"
"Reveal / force-complete a mission by id, sweep all active, or reset the chain. Arc starters: goal_hack_1, goal_cryo_1, goal_001.","Kimliğine göre bir görevi aç / zorla tamamla, tüm aktifleri sil veya zinciri sıfırla. Arc başlatıcılar: goal_hack_1, goal_cryo_1, goal_001."
"Reveal bulk actions (select / demolish / scrap).","Toplu eylemleri göster (seç / yık / hurdaya ayır)."
"SCRAP COMMONS","SIRADANLARI HURDAYA AYIR"
"SCRAP JUNK","ÇÖPÜ HURDAYA AYIR"
"SECTOR %02d · %s","SEKTÖR %02d · %s"
"SECTOR LOCKED","SEKTÖR KİLİTLİ"
"SELECT A SECTOR","BİR SEKTÖR SEÇ"
"SELECT A TARGET","BİR HEDEF SEÇ"
"SELECT MODULES","MODÜLLERİ SEÇ"
"SELL  ·  %s","SAT  ·  %s"
"SESSION  %s","OTURUM  %s"
"SHD: %s/%s","KLK: %s/%s"
"SHIP HULL","GEMİ GÖVDESİ"
"SHIP MODULE (%s)","GEMİ MODÜLÜ (%s)"
"SINGULARITY","TEKİLLİK"
"SYNCING WITH SECTOR NETWORK...","SEKTÖR AĞI İLE EŞİTLENİYOR..."
"Save, gameplay and interface options.","Kayıt, oynanış ve arayüz seçenekleri."
"Scrap","Hurda"
"Search    tier:3   set:architect   slot:weapon","Ara    aşama:3   set:mimar   yuva:silah"
"Search by output  (e.g. Steel)…","Çıktıya göre ara (örn. Çelik)…"
"Search...","Ara..."
"Sector difficulty %d","Sektör zorluğu %d"
"Select a hostile cluster or the boss on the map.","Haritada düşman bir küme veya bölüm sonu canavarı seçin."
"Sell entire stack","Tüm yığını sat"
"Set a skill to any level, max both skills, or unlock every research node. For testing level/research-gated actions, recipes, and content.","Bir yeteneği herhangi bir seviyeye ayarla, iki yeteneği de maksimize et veya tüm araştırma düğümlerini aç. Seviye/araştırma kısıtlamalı eylemleri, tarifleri ve içeriği test etmek için."
"Shield: %s","Kalkan: %s"
"Ship Fitter (debug)","Gemi Donatıcısı (hata ayıklama)"
"Skill + Research (debug)","Yetenek + Araştırma (hata ayıklama)"
"Skip","Atla"
"Slots: %d / %d","Yuvalar: %d / %d"
"Sort:","Sırala:"
"Standing bonuses  +%.0f%% Prod · +%.0f%% Combat · +%.0f%% Gather · +%.0f%% XP","Kalıcı bonuslar  +%%%.0f Üretim · +%%%.0f Çatışma · +%%%.0f Toplama · +%%%.0f TP"
"Starter package on reset: %s credits + Fe / Si / Wood / Water","Sıfırlamada başlangıç paketi: %s kredi + Fe / Si / Odun / Su"
"Stop","Dur"
"Swap to Loadout %d","Dizilim %d'ye Geç"
"Synthesize","Sentezle"
"T%d","A%d"
"TIP: Drag a module from your Armory (right panel) onto a matching ship slot — or click it, then click the slot. This hint disappears after your first equip.","İPUCU: Cephaneliğinizden (sağ panel) bir modülü eşleşen bir gemi yuvasına sürükleyin — veya ona tıklayın, ardından yuvaya tıklayın. Bu ipucu ilk kuşanmanızdan sonra kaybolur."
"The anomaly is stable — it will wait.","Anomali stabil — bekleyecek."
"Tool in hand — click a damaged module to repair · right-click / Esc / click here to put it back.","Alet elinizde — onarmak için hasarlı bir modüle tıklayın · geri koymak için sağ tık / Esc / buraya tıklayın."
"Total Play Time:  %s","Toplam Oynama Süresi:  %s"
"Type to filter by name or symbol, pick from the list (shows friendly names), set an amount. Adds straight to inventory.","İsme veya sembole göre filtrelemek için yazın, listeden seçin, miktar belirleyin. Doğrudan envantere eklenir."
"UNLOCK 200% (1 Card)","%200 AÇ (1 Kart)"
"Unknown Entity","Bilinmeyen Varlık"
"Unlock this sector to deploy here.","Buraya konuşlanmak için bu sektörü açın."
"Use %s to restore %s.","%s yenilemek için %s kullanın."
"WARP","WARP"
"WARP COMPLETE · +%d SHARD%s","WARP TAMAMLANDI · +%d PARÇA%s"
"WARP CYCLE   #%d   ▸   #%d","WARP DÖNGÜSÜ   #%d   ▸   #%d"
"WEAPON %d","SİLAH %d"
"Warp Mastery Tree (debug)","Warp Ustalığı Ağacı (hata ayıklama)"
"XP: %d","TP: %d"
"Zone Unlock (debug)","Bölge Aç (hata ayıklama)"
"[ LOCKED ]   This branch unlocks at Warp #%d","[ KİLİTLİ ]   Bu dal Warp #%d'de açılır"
"[b]%s[/b]",""
"[center]%s[/center]",""
"[center]RESEARCH:\n[url=research:%s][color=#ffdd22][u]%s[/u][/color][/url][/center]","[center]ARAŞTIRMA:\n[url=research:%s][color=#ffdd22][u]%s[/u][/color][/url][/center]"
"[center][b][color=SPRING_GREEN]RESEARCHED[/color][/b][/center]","[center][b][color=SPRING_GREEN]ARAŞTIRILDI[/color][/b][/center]"
"[center][color=#FFC24D]Drop-only module[/color][/center]","[center][color=#FFC24D]Sadece düşen modül[/color][/center]"
"[color=#%s]%s[/color]",""
"[color=#%s]%s[/color]   [color=#%s]•[/color]   [color=#%s][b]%s[/b] held[/color]   [color=#%s]•[/color]   [url=atlasmat:%s][color=#5FE0C8][u]View in Atlas[/u][/color][/url]","[color=#%s]%s[/color]   [color=#%s]•[/color]   [color=#%s][b]%s[/b] elde[/color]   [color=#%s]•[/color]   [url=atlasmat:%s][color=#5FE0C8][u]Atlas'ta Gör[/u][/color][/url]"
"[color=#%s]Total   0[/color] %s","[color=#%s]Toplam   0[/color] %s"
"[color=#%s]Total[/color]   [color=#%s][b]%s[/b][/color] %s","[color=#%s]Toplam[/color]   [color=#%s][b]%s[/b][/color] %s"
"[color=#%s]Unit Price   —[/color]","[color=#%s]Birim Fiyatı   —[/color]"
"[color=#%s]Unit Price[/color]   [color=#%s][b]%s[/b][/color] %s","[color=#%s]Birim Fiyatı[/color]   [color=#%s][b]%s[/b][/color] %s"
"[color=#9a7c52]LOOT[/color]","[color=#9a7c52]GANİMET[/color]"
"[i][color=#%s]%s[/color][/i]",""
"[u]MASTERY[/u]  LV %d%s","[u]USTALIK[/u]  SVY %d%s"
"[u]MASTERY[/u]  LV 0","[u]USTALIK[/u]  SVY 0"
"all except Cryo","Kriyo hariç hepsi"
"mission id (e.g. goal_hack_1)","görev kimliği (örn. goal_hack_1)"
"type to filter (e.g. Navigation Data)","filtrelemek için yazın (örn. Navigasyon Verisi)"
"x Cancel","x İptal"
"x%s","x%s"
"× Unequip","× Çıkar"
"×%d  ·  +%.0f%% prod","×%d  ·  +%%%.0f üretim"
"×%s","×%s"
"—  %s  T%d  —","—  %s  A%d  —"
"— not ready","— hazır değil"
"— not ready yet","— henüz hazır değil"
"• Prestige multipliers (Production / Combat / Gathering / XP)\n• Warp Tier scaling (doubles every 5 warps)\n• Starting resource package on each future warp","• Prestij çarpanları (Üretim / Çatışma / Toplama / TP)\n• Warp Aşaması ölçeklendirmesi (her 5 warp'ta ikiye katlanır)\n• Gelecekteki her warp'ta başlangıç kaynak paketi"
"← Return","← Geri Dön"
"▲ NET +%.2f /min","▲ NET +%.2f /dk"
"▼ FILTER","▼ FİLTRELE"
"▼ NET %.2f /min","▼ NET %.2f /dk"
"▼ REFINE ▼","▼ ARIT ▼"
"◈   %.1f   EXOTIC SHARDS","◈   %.1f   EGZOTİK PARÇALAR"
"◈  SINGULARITY OPEN — enter it on the Sector Chart  (+%d shard%s)","◈  TEKİLLİK AÇIK — Sektör Haritasından girin  (+%d parça%s)"
"◈ WARP REWARDS","◈ WARP ÖDÜLLERİ"
"⟢  %s   (Power %s)","⟢  %s   (Güç %s)"
"YIELD","GETİRİ"
"OUTPUT","ÇIKTI"
"INPUTS","GİRDİLER"
"Terrestrial Operations","Karasal Operasyonlar"
"Orbital Harvesting","Yörünge Hasadı"
"Void Transmutation","Hiçlik Dönüşümü"
"RESEARCH: %s","ARAŞTIRMA: %s"
"Basics","Temeller"
"Refining","Arıtma"
"Materials","Materyaller"
"Electronics","Elektronik"
"Salvage","Hurda"
"Batteries","Bataryalar"
"Munitions","Mühimmatlar"
"Repair Kits","Tamir Kitleri"
"Exotics","Egzotikler"
"Kinetic","Kinetik"
"Energy","Enerji"
"Explosive","Patlayıcı"
"Hull","Gövde"
"Shield","Kalkan"
"Power","Güç"
"Extraction","Çıkarım"
"Fabrication","Üretim"
"Logistics","Lojistik"
"Cassiterite","Kalay Cevheri"
"Tin Ore","Kalay Cevheri"
"Common Artifact","Sıradan Eser"
"Damaged Circuitry","Hasarlı Devre"
"Ships","Gemiler"
"Automation","Otomasyon"
"Operations","Operasyonlar"
"COST","MALİYET"
"NEXT LEVEL COST","SONRAKİ SEVİYE MALİYETİ"
"EFFECTS","ETKİLER"
"UNLOCKS","KİLİTLERİ AÇAR"
"REQUIRES","GEREKSİNİMLER"
"(cross-branch)","(çapraz dal)"
"OWNED %s","SAHİP OLUNAN %s"
"VALUE %s %s","DEĞER %s %s"
"SOURCED FROM","KAYNAK"
"CONSUMED BY","KULLANILDIĞI YER"
"%.0f%% chance","%%%.0f şans"
"%d-%d per kill","Öldürme başına %d-%d"
" (Rare)"," (Nadir)"
"NEEDS RARE GEAR","NADİR EKİPMAN GEREKLİ"
"RARE DROPS","NADİR DÜŞENLER"
"MODULE DROPS (%d%%)","MODÜL DÜŞME ORANI (%%%d)"
"%d per cycle","Döngü başına %d"
"%s (%s)","%s (%s)"
"IN STOCK","STOKTA"
"NOT ENOUGH SPARE PARTS","YETERLİ YEDEK PARÇA YOK"
"Bio-Reactor Core","Biyo-Reaktör Çekirdeği"
"Void Lattice","Hiçlik Kafesi"
"Anchor Bolt","Çapa Cıvatası"
"Corruption Worm","Yozlaşma Solucanı"
"Sulfur","Kükürt"
"Refit Bay","Onarım Bölmesi"
"Cryo Catalyst","Kriyo Katalizörü"
"Glacial Essence","Buzul Özü"
"Rhodium","Rodyum"
"Signal Calibrator","Sinyal Kalibratörü"
"Martian Relics","Mars Kalıntıları"
"Depleted Uranium Rounds","Seyreltilmiş Uranyum Mermileri"
"Omega Composite","Omega Kompozit"
"Germanite Mineral","Germanit Minerali"
"Exotic Condensate","Egzotik Yoğuşuk"
"Iridium Plating","İridyum Kaplaması"
"Coolant Cell","Soğutucu Hücresi"
"Rare Artifact","Nadir Eser"
"Biological Weapon Coating","Biyolojik Silah Kaplaması"
"Pirate Salvage","Korsan Hurdası"
"Xeno Fragment","Xeno Parçası"
"Heavy Steel Slugs","Ağır Çelik Mermileri"
"Firmware Injector","Donanım Yazılımı Enjektörü"
"Cobalt-Lithium Battery","Kobalt-Lityum Bataryası"
"Focusing Crystal","Odaklama Kristali"
"Rimeplate Scrap","Kırağı Plaka Hurdası"
"Aeon Residuum","Eon Kalıntısı"
"Glacier Core","Buzul Çekirdeği"
"Primordial Matrix","Kadim Matris"
"Battery Cell","Batarya Hücresi"
"Structural Lattice","Yapısal Kafes"
"Boost Card","Güçlendirme Kartı"
"Splice Chip","Ekleme Çipi"
"Titan Clearance","Titan İzni"
"Zero-Point Battery","Sıfır-Noktası Bataryası"
"Salvaged Alloy","Kurtarılmış Alaşım"
"Root Key","Kök Anahtar"
"Exotic Artifact","Egzotik Eser"
"AI Processor Array","YZ İşlemci Dizisi"
"POWER DRAW: %d
","GÜÇ ÇEKİMİ: %d
"
"POWER: +%d
","GÜÇ: +%d
"
"Durability: %d/100
","Dayanıklılık: %d/100
"
"%s total damage, %.2f hits/s","Toplam hasar %s, %.2f vuruş/sn"
"Shield Capacity","Kalkan Kapasitesi"
"Integrity Reinforcement","Bütünlük Takviyesi"
"Comparing with: %s","Karşılaştırılan: %s"
"SET: %s","SET: %s"
"%d / %d pieces equipped","%d / %d parça takılı"
"   (%d + %d Resonance)","   (%d + %d Resonance)"
"  + Strong: Armor Bypass (70% pen)","  + Güçlü: Zırh Delme (%70 delme)"
"  + Strong: Armor Bypass (80% pen!)","  + Güçlü: Zırh Delme (%80 delme!)"
"  + Strong: Hull Damage (+20%)","  + Güçlü: Gövde Hasarı (+%20)"
"  + Strong: Shield Damage (+50%)","  + Güçlü: Kalkan Hasarı (+%50)"
"  - Weak: Hull Damage (-10%)","  - Zayıf: Gövde Hasarı (-%10)"
"  - Weak: Shield Damage (-50%)","  - Zayıf: Kalkan Hasarı (-%50)"
"  - Weak: Slower fire rate","  - Zayıf: Daha yavaş atış hızı"
"%.1fK Liras","%.1fB Lira"
"%.1fM Liras","%.1fM Lira"
"%d Liras","%d Lira"
"%d-wave gauntlet. Requires %s. %s","%d dalgalı direniş. Gereksinim: %s. %s"
"%d/100","%d/100"
"%s DAMAGE","%s HASAR"
"%s Liras","%s Lira"
"%s Restoration","%s Yenilenme"
"%s equipped","%s kuşanıldı"
"%s paused — now %s","%s duraklatıldı — şimdi %s"
"%s — Mastery %d · −%d%% Duration","%s — Ustalık %d · −%d%% Süre"
"%s — active build.","%s — aktif inşa."
"+%.1f kW","+%.1f kW"
"+%d %s","+%d %s"
"+%s Liras","+%s Lira"
"+%s XP","+%s XP"
"-%.1f kW","-%.1f kW"
"0 Liras","0 Lira"
"ALL SYSTEMS NOMINAL   //   WELCOME BACK, COMMANDER","TÜM SİSTEMLER NORMAL   //   TEKRAR HOŞ GELDİN, KUMANDAN"
"Armor/Shield","Zırh/Kalkan"
"Base Value","Taban Değer"
"CALM SPACE","SAKİN UZAY"
"CARGO LEDGER","KARGO DEFTERİ"
"COMBAT","ÇATIŞMA"
"CONTESTED SPACE","ÇEKİŞMELİ UZAY"
"Cannot recycle an equipped module","Kuşanılmış bir modül geri dönüştürülemez"
"Capacity","Kapasite"
"Claim %s","%s Al"
"Cleared.","Temizlendi."
"Click a sector on the chart to scan it.","Taramak için haritada bir sektöre tıklayın."
"Confirm Hard Reset","Tam Sıfırlamayı Onayla"
"Contract Abandoned.","Sözleşme İptal Edildi."
"Contract Accepted: %s","Sözleşme Kabul Edildi: %s"
"Contract slots full! (Max %d)","Sözleşme yuvaları dolu! (Maks %d)"
"DESTINATION","HEDEF"
"DROPS","DÜŞENLER"
"Damage","Hasar"
"Delete your save and restart from scratch?\n\n","Kayıt dosyanızı silip baştan başlamak ister misiniz?\n\n"
"Deploy and attack %s.","Konuşlan ve %s saldır."
"Durability","Dayanıklılık"
"ELAPSED","GEÇEN ZAMAN"
"ELECTROMAGNETIC HAZARD","ELEKTROMANYETİK TEHLİKE"
"ELITE BREACHED: Contract Complete","ELİT GEÇİLDİ: Sözleşme Tamamlandı"
"ENERGY","ENERJİ"
"ENGINEERING","MÜHENDİSLİK"
"EXPLOSIVE","PATLAYICI"
"Energy Damage","Enerji Hasarı"
"Energy Gen","Enerji Üretimi"
"Energy Use","Enerji Tüketimi"
"Engine/Sensor","Motor/Sensör"
"Enter","Gir"
"Enter the Singularity","Tekilliğe Gir"
"Explosive Damage","Patlayıcı Hasarı"
"Fused: %s","Birleştirildi: %s"
"HOSTILE SPACE","DÜŞMAN UZAYI"
"HULL CRITICAL — repair before engaging.","GÖVDE KRİTİK — çatışmadan önce onarın."
"Hull Points","Gövde Puanı"
"Incompatible Ammo Type","Uyumsuz Mühimmat Türü"
"Insufficient Liras to reroll!","Yenilemek için yetersiz Lira!"
"Invalid Qty","Geçersiz Miktar"
"Inventory full — new resources are being wasted. Sell or expand storage.","Envanter dolu — yeni kaynaklar ziyan oluyor. Satarak veya depoyu genişleterek yer açın."
"KINETIC","KİNETİK"
"Kinetic Damage","Kinetik Hasar"
"LAST KILL  0.0s","SON LEŞ 0.0sn"
"Liras","Lira"
"Loadout %d","Dizilim %d"
"Locked","Kilitli"
"Locked — clear The Threshold, then Warp.","Kilitli — Eşik'i temizle, ardından Warp yap."
"Locked — complete research: %s.","Kilitli — %s araştırmasını tamamla."
"Locked — defeat the Asteroid Belt boss to expose this anomaly.","Kilitli — bu anormalliği ortaya çıkarmak için Asteroit Kuşağı patronunu yen."
"Locked — defeat the Sector 10 boss, then execute a Warp.","Kilitli — Sektör 10 patronunu yen, ardından bir Warp gerçekleştir."
"Locked.","Kilitli."
"MASTERY UNLOCKED — Keep using actions for permanent speed bonuses. Hover the mastery bar for the milestone schedule.","USTALIK AÇILDI — Kalıcı hız bonusları için eylemleri kullanmaya devam et. Dönüm noktası takvimi için imleci ustalık çubuğunun üzerine getir."
"MOD","MOD"
"Materials refunded.","Materyaller iade edildi."
"Module Received: %s","Modül Alındı: %s"
"Module chance [color=%s](%s)[/color]","Modül şansı [color=%s](%s)[/color]"
"Modules [color=%s](Uncommon+ · %s)[/color]","Modüller [color=%s](Sıra Dışı+ · %s)[/color]"
"NAVIGATION · SELECT A SECTOR","NAVİGASYON · BİR SEKTÖR SEÇİN"
"Not enough Liras to refresh!","Yenilemek için yetersiz Lira!"
"Not yet","Henüz değil"
"Not yet cleared.","Henüz temizlenmedi."
"OFF","KAPALI"
"OFFLINE TELEMETRY   //   STATION LOG","ÇEVRİMDIŞI TELEMETRİ   //   İSTASYON KAYDI"
"ON","AÇIK"
"Order needs %d %s — stock ran low.","Sipariş %d %s gerektiriyor — stok azaldı."
"POTENTIAL","POTANSİYEL"
"Power %d / %d — equip more (or higher-tier) Battery modules first.","Güç %d / %d — önce daha fazla (veya daha yüksek aşamalı) Batarya modülü kuşanın."
"RECURSION","ÖZYİNELEME"
"RESONANCE","REZONANS"
"Rarity: %s %s","Nadirlik: %s %s"
"Recycle","Geri Dönüştür"
"Recycle Module","Modülü Geri Dönüştür"
"Recycled for %s Liras & %s parts","%s Lira ve %s parça için geri dönüştürüldü"
"Reward: %s","Ödül: %s"
"SECTOR 11 BREACHED - The Threshold. Conventional fire barely scratches these warp-hardened hulls; Cryo armaments are the key - craft stronger Cryo via Cryogenic Armaments research.","SEKTÖR 11 GEÇİLDİ - Eşik. Geleneksel ateş, Warp'la güçlendirilmiş bu gövdeleri zar zor çiziyor; Kriyojenik silahlar çözüm - Kriyojenik Silah araştırması aracılığıyla daha güçlü Kriyo üretin."
"SECTOR BOSS · %s DAMAGE","SEKTÖR PATRONU · %s HASAR"
"SECTOR BOSS · %s HP","SEKTÖR PATRONU · %s CAN"
"SECTOR CHART","SEKTÖR HARİTASI"
"SESSION  0:00","OTURUM  0:00"
"SHIP UNPOWERED — equip Battery modules to cover your power draw (%d / %d).","GEMİ GÜÇSÜZ — güç tüketiminizi (%d / %d) karşılamak için Batarya modülleri kuşanın."
"Sale Failed","Satış Başarısız"
"Slots","Yuvalar"
"Standing Orders Rerolled","Hazır Siparişler Yenilendi"
"Swap to %s.","%s ile değiştir."
"Swapped to %s","%s ile değiştirildi"
"Synthesized: %s","Sentezlendi: %s"
"TARGET","HEDEF"
"TIER","AŞAMA"
"TIP: Enable Offline Combat in Options to keep fighting and earning while you're away.","İPUCU: Uzaktayken savaşmaya ve kazanmaya devam etmek için Seçenekler'den Çevrimdışı Savaşı etkinleştirin."
"TYPE","TÜR"
"This item has no market value — it's used in crafting.","Bu eşyanın piyasa değeri yok — üretimde kullanılır."
"Threshold Relic [color=%s](first clear)[/color]","Eşik Yadigarı [color=%s](ilk temizleme)[/color]"
"Type: %s %s","Tür: %s %s"
"Weapon","Silah"
"Weapon: %s %s","Silah: %s %s"
"Yes, Delete Everything","Evet, Her Şeyi Sil"
"Zone Board Refreshed","Bölge Panosu Yenilendi"
"[ COMMAND & LOGISTICS ]","[ KOMUTA & LOJİSTİK ]"
"[ CONSUMABLES ]","[ SARF MALZEMELERİ ]"
"[ LOADOUT ]","[ DİZİLİM ]"
"[ LOCKED ]","[ KİLİTLİ ]"
"[ NO YIELD ]","[ VERİM YOK ]"
"[ WARP MASTERY TREE ]","[ ATLAMA USTALIK AĞACI ]"
"[ENERGY]","[ENERJİ]"
"[EXPLOSIVE]","[PATLAYICI]"
"[KINETIC]","[KİNETİK]"
"[b]Cross the event horizon.[/b]\n\n","[b]Olay ufkunu geç.[/b]\n\n"
"[b][color=#%s]%s[/color][/b] %s      [b][color=#%s]%s[/color][/b] Spare Parts\n\n","[b][color=#%s]%s[/color][/b] %s      [b][color=#%s]%s[/color][/b] Yedek Parça\n\n"
"[center]Recycle [b]%s[/b] for parts?\n\n","[center][b]%s[/b] parçalar için geri dönüştürülsün mü?\n\n"
"[color=#%s]This permanently destroys the module.[/color][/center]","[color=#%s]Bu, modülü kalıcı olarak yok eder.[/color][/center]"
"[color=#%s]YOU RECEIVE[/color]\n","[color=#%s]ALACAKLARIN[/color]\n"
"[color=#73e88c]KEEP[/color]     Research · Ships · Exotic Matter · Warp Mastery purchases\n\n","[color=#73e88c]SAKLANAN[/color]     Araştırma · Gemiler · Egzotik Madde · Warp Ustalığı satın alımları\n\n"
"[color=#c78cff]Grant %d Exotic Shard%s[/color]\n\n","[color=#c78cff]%d Egzotik Parça Verir%s[/color]\n\n"
"[color=#f06b6b]Everything is wiped — Liras, ships, research, Warp Mastery, prestige.[/color]\n\n","[color=#f06b6b]Her şey silinir — Liralar, gemiler, araştırma, Warp Ustalığı, prestij.[/color]\n\n"
"[color=#f06b6b]RESET[/color]    Liras · Buildings · Standard Resources · Skill levels  [color=#8b8f9c](keep %d%% XP)[/color]\n","[color=#f06b6b]SIFIRLANAN[/color]    Liralar · Binalar · Standart Kaynaklar · Yetenek seviyeleri  [color=#8b8f9c](%d%% XP korunur)[/color]\n"
"[color=#ffb454][b]This cannot be undone.[/b][/color]","[color=#ffb454][b]Bu geri alınamaz.[/b][/color]"
"none","hiçbiri"
"shard","parça"
"shards","parçalar"
"⟨ GRAVITATIONAL ANOMALY ⟩  The %s's collapse tears a singularity open — visible on the Sector Chart.","⟨ YERÇEKİMSEL ANORMALLİK ⟩ %s çöküşü bir tekilliği yırtarak açar — Sektör Haritasında görünür."
"⟨ MASTER KEY — %s ⟩  Auto-equipped to your Relic slot. The Warden's onslaught is now survivable — farm it at will.","⟨ ANA ANAHTAR — %s ⟩ Yadigar yuvanıza otomatik kuşanırdı. Muhafızın saldırısında artık hayatta kalınabilir — dilediğiniz gibi toplayın."
"⟨ SECTOR 11 DETECTED — THE THRESHOLD ⟩  Hostiles are Warp-Hardened, immune to conventional armaments. Execute a Warp Core reset to unlock Cryogenic tech, then research Cryogenic Armaments and craft Cryo weapons in the Shipyard.","⟨ SEKTÖR 11 TESPİT EDİLDİ — EŞİK ⟩ Düşmanlar Warp'la Güçlendirilmiştir, geleneksel silahlara bağışıktır. Kriyojenik teknolojisinin kilidini açmak için bir Warp Çekirdeği sıfırlaması gerçekleştirin, ardından Kriyojenik Silahlarını araştırın ve Tersane'de Kriyo silahları üretin."
"⟨ SECTOR 12 UNLOCKED — THE RIFT ⟩  The Warp tears a corrosive frontier open. The Rift Warden gates it with Cryo then Corrosion phases — craft Corrosion Armaments and swap presets mid-fight.","⟨ SEKTÖR 12 KİLİDİ AÇILDI — YARIK ⟩ Warp korozif bir sınırı yırtarak açar. Yarık Muhafızı onu Kriyo ve ardından Korozyon aşamalarıyla korur — Korozyon Silahları üretin ve çatışmanın ortasında önayarları değiştirin."
"⟨ SINGULARITY DETECTED ⟩  The boss's collapse tore a hole in spacetime — it is visible on the Sector Chart. The WARP tab is now online: Exotic Matter, mastery, monitoring.","⟨ TEKİLLİK TESPİT EDİLDİ ⟩ Patronun çöküşü uzay-zamanda bir delik açtı — Sektör Haritasında görünür. ATLAMA sekmesi artık çevrimiçi: Egzotik Madde, ustalık, izleme."

"[ENDGAME]","[OYUN SONU]"
"[CHAPTER 2]","[BÖLÜM 2]"
"[TUTORIAL]","[ÖĞRETİCİ]"
"[CORE GOAL]","[ANA HEDEF]"
"ELITE HUNT: %s","ELİT AVI: %s"
"Destroy the ELITE %s in %s. Warning: Extremely Dangerous.","%s bölgesindeki ELİT %s'i yok et. Uyarı: Son Derece Tehlikeli."
"BOSS BOUNTY: %s","PATRON ÖDÜLÜ: %s"
"Destroy %d× %s in %s.","%s bölgesinde %d× %s yok et."
"Hunt: %s","Av: %s"
"Destroy %d %s in %s.","%s bölgesinde %d %s yok et."
"AWAKEN A MODULE","BİR MODÜLÜ UYANDIR"
"Advanced Energy","Gelişmiş Enerji"
"Aegis System","Aegis Sistemi"
"Alloy Production","Alaşım Üretimi"
"Alpha Decryption","Alfa Şifre Çözümü"
"Alpha Sector Dominance","Alfa Sektörü Hakimiyeti"
"Automated Intelligence","Otomatik Zeka"
"BREACH THE THRESHOLD","EŞİĞİ AŞ"
"Background Industry","Arka Plan Endüstrisi"
"Ballistics Theory","Balistik Teorisi"
"Belt Mining","Kuşak Madenciliği"
"Belt Overseer","Kuşak Gözetmeni"
"Beta Sector Expansion","Beta Sektörü Genişlemesi"
"Break the Blockade","Ablukayı Kır"
"Capital Doctrine","Başkent Doktrini"
"Cargo Hold","Kargo Bölmesi"
"Charge the Crystals","Kristalleri Şarj Et"
"Chemical Heat","Kimyasal Isı"
"Combat Briefing","Savaş Brifingi"
"Combat Overhaul","Savaş Revizyonu"
"Combat Ready","Savaşa Hazır"
"Combat Triage","Savaş Triyajı"
"Complex Electronics","Karmaşık Elektronik"
"Conductivity","İletkenlik"
"Copper Prospecting","Bakır Arama"
"Cybernetic Integration","Sibernetik Entegrasyon"
"Deforestation","Ormansızlaşma"
"Elite Salvage","Elit Kurtarma"
"Energy Doctrine","Enerji Doktrini"
"Essential Carbon","Temel Karbon"
"Explosive Doctrine","Patlayıcı Doktrini"
"Explosive Payload","Patlayıcı Yük"
"FORGE CRYOGENIC ARMS","KRİYOJENİK SİLAHLAR YAP"
"Factory Lights","Fabrika Işıkları"
"Field Supplies","Saha Malzemeleri"
"Final Confrontation","Son Yüzleşme"
"First Components","İlk Bileşenler"
"First Foundation","İlk Temel"
"Foundational Research","Temel Araştırma"
"Frozen Frontier","Donmuş Sınır"
"Gamma Clearance","Gama İzni"
"Glacier Belt Survey","Buzul Kuşağı Araştırması"
"Harbinger Hunt","Haberci Avı"
"Hardened Shell","Sertleştirilmiş Kabuk"
"Heavier Ordnance","Daha Ağır Mühimmat"
"Hull Integrity","Gövde Bütünlüğü"
"Hull Modernization I","Gövde Modernizasyonu I"
"Hull Modernization II","Gövde Modernizasyonu II"
"Hydration","Hidrasyon"
"INTO THE VOID","HİÇLİĞE DOĞRU"
"Industrial Energy","Endüstriyel Enerji"
"Kinetic Munitions","Kinetik Mühimmat"
"Lithium Discovery","Lityum Keşfi"
"Mars Beachhead","Mars Köprübaşı"
"Master Constructor","Usta Yapımcı"
"Material Sciences","Malzeme Bilimleri"
"Mobility Check","Hareketlilik Kontrolü"
"Munitions Run","Mühimmat Koşusu"
"Naval Expansion","Deniz Genişlemesi"
"OVERCLOCK PROTOCOL","HIZ AŞIRTMA PROTOKOLÜ"
"Open Contracts","Açık Sözleşmeler"
"Overseer's Core","Gözetmenin Çekirdeği"
"PRESTIGE VETERAN","PRESTİJLİ GAZİ"
"Power Cells","Güç Hücreleri"
"Power Online","Güç Çevrimiçi"
"Power Refit","Güç Yenilemesi"
"Power Storage","Güç Depolama"
"Prototype Arsenal","Prototip Cephanelik"
"Pulse Fire","Darbe Ateşi"
"Pump Master","Pompa Ustası"
"REWRITE THE FIRMWARE","ÜRÜN YAZILIMINI YENİDEN YAZ"
"RUNNING HOT","SICAK ÇALIŞIYOR"
"Refining Mastery","Arıtma Ustalığı"
"SALVAGE A HACK CARD","BİR HACK KARTI KURTAR"
"Salvage Operations","Kurtarma Operasyonları"
"Scanning Horizon","Ufku Taramak"
"Shields Up","Kalkanlar Devrede"
"Spacewalk Test","Uzay Yürüyüşü Testi"
"Split the Water","Suyu Ayır"
"Stock the Warheads","Savaş Başlıklarını Stokla"
"Stranded in Orbit","Yörüngede Mahsur Kalmış"
"Structural Doctrine","Yapısal Doktrin"
"THE GREAT EXPEDITION","BÜYÜK KEŞİF"
"Target Locked","Hedef Kilitlendi"
"Titan Construction","Titan İnşası"
"Void Research","Hiçlik Araştırması"
"Voltaic Storage","Voltaik Depolama"
"Warhead","Savaş Başlığı"
"Warmaster's Core","Savaş Ustasının Çekirdeği"
"Weapons Hot","Silahlar Sıcak"
"Zone-3 Ordnance","Bölge-3 Mühimmatı"
"Zone-3 Plating","Bölge-3 Kaplaması"
"Zone-3 Shielding","Bölge-3 Kalkanlaması"
"m027b","m027b"
"m033b","m033b"
"A Destroyer draws more power than your Zone-1 batteries supply. Fabricate 3 'Improved Battery' (Z2) and equip one per battery slot — you'll need the headroom for Zone-2 weapons.","Bir Destroyer, Bölge-1 bataryalarının sağlayabileceğinden daha fazla güç çeker. 3 adet 'Gelişmiş Batarya' (B2) üretin ve her batarya yuvasına bir tane donatın — Bölge-2 silahları için bu boşluğa ihtiyacınız olacak."
"Click LOADOUT 3, equip BOTH Micro-Missile Launchers there, then destroy a Scrap Collector in Lunar Orbit. Kinetic / Energy / Explosive now live in Loadouts 1 / 2 / 3 — before a fight, one click swaps your WHOLE ship modules.","MÜHİMMAT 3'e tıklayın, HER İKİ Mikro-Füze Fırlatıcıyı oraya donatın, ardından Ay Yörüngesindeki bir Hurda Toplayıcıyı yok edin. Kinetik / Enerji / Patlayıcı artık 1 / 2 / 3 numaralı mühimmatlarda bulunuyor — savaştan önce tek bir tıklama TÜM gemi modüllerinizi değiştirir."
"Construct a 'Battlecruiser' in the Shipyard.","Tersanede bir 'Muharebe Kruvazörü' inşa et."
"Construct a 'Destroyer' hull in the Shipyard. Needs 5 Reinforced Plating (same recipe as the Frigate) — stock Salvaged Alloy + Damaged Circuitry.","Tersanede bir 'Destroyer' gövdesi inşa et. 5 Güçlendirilmiş Kaplama gerektirir (Fırkateyn ile aynı tarif) — Kurtarılmış Alaşım + Hasarlı Devre stoğu yap."
"Construct a 'Dreadnought' in the Shipyard. Its blueprints sit behind 'Delta Sector Survey' research — four Sector Gamma boss cores.","Tersanede bir 'Dreadnought' inşa et. Planları 'Delta Sektörü Araştırması' araştırmasının arkasında yer alır — dört Sektör Gama patronu çekirdeği."
"Construct a Solar Array in Infrastructure — it generates power and keeps running even while you're away.","Altyapıda bir Güneş Paneli inşa et — güç üretir ve sen uzaktayken bile çalışmaya devam eder."
"Construct an 'Industrial Frigate' in the Shipyard. Its frame needs 4 Reinforced Plating — craft them in Engineering from Salvaged Alloy + Damaged Circuitry (Lunar Orbit drops, or the Steel/Circuit reclaim recipes).","Tersanede bir 'Endüstriyel Fırkateyn' inşa et. Gövdesi için 4 Güçlendirilmiş Kaplama gerekir — bunları Mühendislikte Kurtarılmış Alaşım + Hasarlı Devre (Ay Yörüngesi ganimetleri veya Çelik/Devre geri kazanım tarifleri) kullanarak üret."
"Craft 'Carbon Fiber Plate' in the Shipyard.","Tersanede 'Karbon Fiber Plaka' üret."
"Craft 10 Circuit Boards in the Engineering tab. Needs Tin — mine Cassiterite, then smelt it into Tin first.","Mühendislik sekmesinde 10 Devre Kartı üret. Kalay gerektirir — önce Kassiterit madenciliği yap, sonra onu Kalaya erit."
"Craft 10 Structural Components in the Engineering tab — the universal building block of heavy industry.","Mühendislik sekmesinde 10 Yapısal Bileşen üret — ağır sanayinin evrensel yapı taşı."
"Craft 2 'Mass Driver Mk.I' in the Shipyard.","Tersanede 2 adet 'Kütle Sürücüsü Mk.I' üret."
"Craft 5 Advanced Circuits in the Engineering tab. Three inputs need prep: Semiconductor (Silicon + Germanium), Gold (Gold Panning — Dirt + Water), and Silver (a Zinc Reduction byproduct).","Mühendislik sekmesinde 5 Gelişmiş Devre üret. Üç girdinin hazırlığa ihtiyacı var: Yarı İletken (Silikon + Germanyum), Altın (Altın Eleme — Toprak + Su) ve Gümüş (Çinko İndirgeme yan ürünü)."
"Craft 5 Battery Cells in the Engineering tab.","Mühendislik sekmesinde 5 Batarya Hücresi üret."
"Craft a 'Basic Battery' in the Shipyard.","Tersanede bir 'Temel Batarya' üret."
"Craft a 'Basic Shield' for protection.","Korunma için bir 'Temel Kalkan' üret."
"Craft a 'Basic Thruster' in the Shipyard.","Tersanede bir 'Temel İtici' üret."
"Craft a Cryo Lance in the Shipyard. It needs Cryo Catalyst - farm it from Sector 10 enemies.","Tersanede bir Kriyojenik Mızrak üret. Kriyo Katalizör gerektirir - Sektör 10 düşmanlarından topla."
"Decrypting the Sector Alpha charter takes two Glacial Overseer cores — defeat the Glacier Belt boss twice.","Sektör Alfa sözleşmesini çözmek için iki Buzul Gözetmeni çekirdeği gerekir — Buzul Kuşağı patronunu iki kez yen."
"Defeat 1 Lunar Drone in Lunar Orbit.","Ay Yörüngesinde 1 Ay Dronunu yen."
"Defeat 3 Alien Frigates in Sector Alpha.","Sektör Alfa'da 3 Uzaylı Fırkateynini yen."
"Defeat 3 Ice Wraiths in the Glacier Belt.","Buzul Kuşağında 3 Buz Hayaletini yen."
"Defeat 3 Scavenger Mechs in the Mars Debris zone.","Mars Enkazı bölgesinde 3 Yağmacı Meka yen."
"Defeat 5 Ore Guardians in Sector Beta.","Sektör Beta'da 5 Cevher Muhafızını yen."
"Defeat the BETA COLOSSUS 3 times — its cores are the key to Gamma Sector Clearance.","BETA DEVİNİ 3 kez yen — çekirdekleri Gama Sektörü İzni için anahtardır."
"Defeat the Martian Warmaster (Mars Debris boss) — its core decrypts the Glacier Belt charter.","Mars Savaş Ustası'nı (Mars Enkazı patronu) yen — çekirdeği Buzul Kuşağı sözleşmesini çözer."
"Defeat the Rogue Architect boss in Lunar Orbit.","Ay Yörüngesindeki Asi Mimar patronunu yen."
"Defeat the Silicate Monolith (Asteroid Belt boss) to salvage a Z2 Sector Core for the Mars Debris charter. Bosses demand a full RARE loadout — Common and Uncommon gear will not cut through. Work the Asteroid Belt BOUNTY BOARD: hunt contracts pay a GUARANTEED Rare module on claim. EXPLOSIVE hits it hardest.","Mars Enkazı sözleşmesi için bir B2 Sektör Çekirdeği kurtarmak amacıyla Silikat Monolitini (Asteroit Kuşağı patronu) yen. Patronlar tam bir NADİR donanım talep eder — Yaygın ve Sıradışı teçhizatlar yetersiz kalacaktır. Asteroit Kuşağı ÖDÜL PANOSUNDA çalış: av sözleşmeleri tamamlandığında GARANTİLİ bir Nadir modül öder. PATLAYICI en sert vuruşu yapar."
"Defeated enemies drop gear of varying rarity. Farm Lunar Orbit until you get a RARE (blue) module drop.","Yenilen düşmanlar farklı nadirlikte teçhizatlar düşürür. NADİR (mavi) bir modül düşürene kadar Ay Yörüngesinde kasıl."
"Destroy a Warp Revenant in The Threshold (Sector 11) with your Cryo armaments.","Kriyojenik silahlarınla Eşik'te (Sektör 11) bir Warp Hayaletini yok et."
"Equip a RARE+ EXPLOSIVE weapon — explosive fire ignores most enemy armor, and the rare-tier punch ends fights fast.","NADİR+ bir PATLAYICI silah donat — patlayıcı ateşi çoğu düşman zırhını yok sayar ve nadir aşama vuruşu savaşları hızlıca bitirir."
"Equip a WEAPON and SHIELD in your Ship Designer.","Gemi Tasarımcısında bir SİLAH ve KALKAN donat."
"Equip at least 1 RARE+ Weapon.","En az 1 NADİR+ Silah donat."
"Gather 100 Malachite Ore.","100 Malahit Cevheri topla."
"Gather 100 units of Wood.","100 birim Odun topla."
"Gather 350 Dirt.","350 Toprak topla."
"Gather 350 units of Water.","350 birim Su topla."
"Hack Cards now drop in combat. Defeat enemies until a Splice Chip drops.","Hack Kartları artık savaşta düşüyor. Bir Ekleme Çipi düşene kadar düşmanları yen."
"In the Engineering page, produce 100 Ferrite Rounds to feed both your weapons.","Mühendislik sayfasında, her iki silahınızı da beslemek için 100 Ferrit Mermisi üretin."
"In the Engineering page, use the Charcoal Kiln to produce 50 Carbon.","Mühendislik sayfasında, 50 Karbon üretmek için Kömür Fırınını kullanın."
"In the Mine page, extract 100 Lithium Ore.","Maden sayfasında 100 Lityum Cevheri çıkar."
"In the Mine page, mine 100 Cassiterite (tin ore).","Maden sayfasında 100 Kassiterit (kalay cevheri) çıkar."
"Keep builds in separate slots: click LOADOUT 2, equip BOTH Pulse Lasers there, then destroy a Survey Probe in Lunar Orbit.","Dizilimleri ayrı yuvalarda tutun: MÜHİMMAT 2'ye tıklayın, HER İKİ Darbe Lazerini oraya donatın, ardından Ay Yörüngesindeki bir Araştırma Sondasını yok edin."
"Modern foundries burn Oxygen. In the Engineering tab, run Water Electrolysis to split Water — stock 30 Oxygen.","Modern dökümhaneler Oksijen yakar. Mühendislik sekmesinde Suyu ayırmak için Su Elektrolizini çalıştırın — 30 Oksijen stoklayın."
"Not every hostile falls to slugs. The Survey Probe RESISTS kinetic fire but is WEAK TO ENERGY. In the Shipyard, craft 2 'Pulse Laser Mk.I'","Her düşman mermilere boyun eğmez. Araştırma Sondası kinetik ateşe DİRENÇLİDİR ancak ENERJİYE KARŞI ZAYIFTIR. Tersanede 2 adet 'Darbe Lazeri Mk.I' üret."
"Now equip a Hull and a Shield repair kit in your Ship Designer's consumable slots. In combat, tap the HULL / SHLD buttons to spend one and patch up.","Şimdi Gemi Tasarımcınızın sarf malzemesi yuvalarına bir Gövde ve bir Kalkan tamir kiti donatın. Savaşta, birini harcamak ve onarım yapmak için GÖVDE / KLKN düğmelerine dokunun."
"Now smelt 50 Steel in the Engineering tab — the Basic-Oxygen furnace burns your Oxygen through molten iron.","Şimdi Mühendislik sekmesinde 50 Çelik eritin — Temel-Oksijen fırını erimiş demir üzerinden Oksijeninizi yakar."
"Open Bounties (left sidebar — it just unlocked). Each sector runs its own combat contract board: accept one, and kills in that sector count toward it automatically. Pays Liras + a ship module.","Ödülleri aç (sol kenar çubuğu — az önce açıldı). Her sektör kendi savaş sözleşmesi panosunu çalıştırır: birini kabul et, o sektördeki öldürmeler otomatik olarak buna sayılır. Lira + bir gemi modülü öder."
"Open Infrastructure (left sidebar). Buildings auto-produce in the background — always running, even offline. Build them whenever you can.","Altyapıyı aç (sol kenar çubuğu). Binalar arka planda otomatik olarak üretim yapar — çevrimdışı olsan bile her zaman çalışır. Fırsat buldukça onları inşa et."
"Open Infrastructure and INSTALL the Boost Card on a building you own — it unlocks that building's Efficiency slider up to 200%. Careful: output scales linearly, but input draw scales QUADRATICALLY (200% output = 4x input).","Altyapıyı açın ve sahip olduğunuz bir binaya Takviye Kartı KURUN — o binanın Verimlilik kaydırıcısının kilidini %200'e kadar açar. Dikkat: Çıktı doğrusal olarak ölçeklenir, ancak girdi çekimi KARESİYLE ölçeklenir (%200 çıktı = 4x girdi)."
"Open the Combat page (left sidebar). Pick a sector → a target → ENGAGE. Your Shield absorbs hits first, your Hull takes the overflow. Repair kits can auto-fire — set the threshold in Research.","Savaş sayfasını aç (sol kenar çubuğu). Bir sektör → bir hedef seç → ÇATIŞMAYA GİR. Önce Kalkanın darbeleri emer, Gövden ise taşanları alır. Tamir kitleri otomatik ateşlenebilir — Araştırmada eşiği ayarla."
"Open the Engineering page and process Dirt to extract 100 Silicon and 80 Iron.","Mühendislik sayfasını aç ve 100 Silikon ile 80 Demir çıkarmak için Toprağı işle."
"Open the Research tab and unlock Basic Engineering.","Araştırma sekmesini aç ve Temel Mühendisliğin kilidini aç."
"Open the Ship Designer and drag a Splice Chip onto a Common component to awaken it into a custom module with a random affix.","Gemi Tasarımcısını açın ve rastgele bir eke sahip özel bir modüle uyandırmak için bir Ekleme Çipini Yaygın bir bileşenin üzerine sürükleyin."
"Open the Ship Designer and equip BOTH Basic Batteries into the ship's BATTERY slots. Watch the GRID fill — now the ship can run modules.","Gemi Tasarımcısını açın ve HER İKİ Temel Bataryayı geminin BATARYA yuvalarına donatın. AĞIN dolmasını izleyin — artık gemi modülleri çalıştırabilir."
"Open the Ship Designer and equip BOTH Mass Drivers into your two WEAPON slots — twice the guns, twice the DPS.","Gemi Tasarımcısını açın ve HER İKİ Kütle Sürücüsünü iki SİLAH yuvanıza donatın — iki kat silah, iki kat DPS."
"Open the Ship Designer, then DRAG the Basic Battery from your Armory (right panel) onto an empty BATTERY slot.","Gemi Tasarımcısını açın, ardından Cephaneliğinizden (sağ panel) Temel Bataryayı boş bir BATARYA yuvasına SÜRÜKLEYİN."
"Open the Ship Designer, then DRAG the Basic Shield from your Armory (right panel) onto an empty SHIELD slot. Incoming damage hits the shield before your hull.","Gemi Tasarımcısını açın, ardından Cephaneliğinizden (sağ panel) Temel Kalkanı boş bir KALKAN yuvasına SÜRÜKLEYİN. Gelen hasar gövdenizden önce kalkana vurur."
"Open the Ship Designer, then DRAG the Basic Thruster from your Armory (right panel) onto an empty ENGINE slot.","Gemi Tasarımcısını açın, ardından Cephaneliğinizden (sağ panel) Temel İticiyi boş bir MOTOR yuvasına SÜRÜKLEYİN."
"Open your Inventory (left sidebar). Cargo is slot-limited — when it fills, new materials are LOST, not paused. Expand storage here as you grow.","Envanterini aç (sol kenar çubuğu). Kargo yuva ile sınırlıdır — dolduğunda yeni malzemeler DURAKLATILMAZ, KAYBOLUR. Büyüdükçe depolamayı buradan genişlet."
"Perform 5 Warps total to fully unlock Warp Tier scaling.","Warp Aşaması ölçeklendirmesinin kilidini tamamen açmak için toplam 5 Warp gerçekleştirin."
"Perform your first Warp. Your Liras and materials reset, but you gain Exotic Matter Shards for permanent multipliers that make each run stronger.","İlk Warp'ınızı gerçekleştirin. Liralarınız ve malzemeleriniz sıfırlanır, ancak her turu daha güçlü hale getiren kalıcı çarpanlar için Egzotik Madde Parçaları kazanırsınız."
"Produce 60 HE Missiles in the Engineering tab to arm a missile launcher — explosive warheads punch through armor better than anything else.","Bir füze fırlatıcıyı silahlandırmak için Mühendislik sekmesinde 60 Yüksek Patlayıcılı Füze üretin — patlayıcı savaş başlıkları zırhı diğer her şeyden daha iyi deler."
"Reach Sector Epsilon and discover the Primordial Core.","Sektör Epsilon'a ulaşın ve İlkel Çekirdeği keşfedin."
"Refine 50 Copper in the Engineering tab.","Mühendislik sekmesinde 50 Bakır arıt."
"Refine 50 Lithium in the Engineering tab.","Mühendislik sekmesinde 50 Lityum arıt."
"Reinforce your deflectors too. Fabricate 2 'Hardened Shield' (Z3) and equip one per shield slot before the Warmaster.","Deflektörlerinizi de güçlendirin. 2 adet 'Sertleştirilmiş Kalkan' (B3) üretin ve Savaş Ustası'ndan önce her kalkan yuvasına bir tane donatın."
"Repair kits keep you alive in combat. In the Engineering page, craft 5 Emergency Hull Patches and 5 Basic Shield Boosters. Boosters each need a Battery Cell — craft those first.","Tamir kitleri sizi savaşta hayatta tutar. Mühendislik sayfasında, 5 Acil Durum Gövde Yaması ve 5 Temel Kalkan Takviyesi üretin. Takviyelerin her biri bir Batarya Hücresine ihtiyaç duyar — önce onları üretin."
"Research 'Advanced Materials' to unlock heavier industrial recipes. It spends Common Artifacts from combat salvage.","Daha ağır endüstriyel tariflerin kilidini açmak için 'Gelişmiş Malzemeler'i araştırın. Savaş kurtarmalarından elde edilen Yaygın Eserleri harcar."
"Research 'Advanced Metallurgy'. Costs 100 Nickel — mine Pentlandite (just unlocked), then refine it with Carbon + Oxygen first.","'Gelişmiş Metalurji'yi araştırın. 100 Nikele mal olur — Pentlandit (yeni açıldı) madenciliği yapın, ardından önce Karbon + Oksijen ile arıtın."
"Research 'Asteroid Belt Authorization' in the Research tree to unlock the Asteroid Belt combat zone.","Asteroit Kuşağı savaş bölgesinin kilidini açmak için Araştırma ağacındaki 'Asteroit Kuşağı İzni'ni araştırın."
"Research 'Beta Colony Charter' (consumes the Harbinger cores + a large Superalloy + Titanium stock) to unlock Sector Beta.","Sektör Beta'nın kilidini açmak için 'Beta Kolonisi Sözleşmesi'ni araştır (Habercisi çekirdekleri + büyük bir Süperalaşım + Titanyum stoğu tüketir)."
"Research 'Energy Fields' to unlock shielding.","Kalkanlamanın kilidini açmak için 'Enerji Alanları'nı araştırın."
"Research 'Factory Automation' — the last gate before Advanced Circuits.","'Fabrika Otomasyonu'nu araştırın — Gelişmiş Devrelerden önceki son kapı."
"Research 'Gamma Sector Clearance' (consumes the Colossus cores + a heavy Superalloy + Tungsten stock) to unlock Sector Gamma.","Sektör Gama'nın kilidini açmak için 'Gama Sektörü İzni'ni araştır (Dev çekirdekleri + ağır bir Süperalaşım + Tungsten stoğu tüketir)."
"Research 'Glacier Belt Expedition' (spends the Warmaster core) to unlock the Glacier Belt zone.","Buzul Kuşağı bölgesinin kilidini açmak için 'Buzul Kuşağı Keşif Seferi'ni araştır (Savaş Ustası çekirdeğini harcar)."
"Research 'Kinetic Weapons Theory' in the Research tree.","Araştırma ağacındaki 'Kinetik Silah Teorisi'ni araştırın."
"Research 'Mars Debris Clearance' (spends the Monolith core you just salvaged) to unlock the Mars Debris zone.","Mars Enkazı bölgesinin kilidini açmak için 'Mars Enkazı İzni'ni araştır (Az önce kurtardığın Monolit çekirdeğini harcar)."
"Research 'Organic Combustion' to unlock Germanium extraction (needed for semiconductors).","Germanyum çıkarma işleminin kilidini açmak için 'Organik Yanma'yı araştır (yarı iletkenler için gereklidir)."
"Research 'Organic Combustion' to unlock the Industrial Kiln, Carbon Fiber, and combustion-powered generators. (The manual Charcoal Kiln needs no research.)","Endüstriyel Fırın, Karbon Fiber ve yanma ile çalışan jeneratörlerin kilidini açmak için 'Organik Yanma'yı araştır. (Manuel Kömür Fırınının araştırmaya ihtiyacı yoktur.)"
"Research 'Organic Combustion', then 'Efficient Smelting' beneath it, for alloys.","Alaşımlar için 'Organik Yanma'yı, ardından altındaki 'Verimli Eritme'yi araştır."
"Research 'Power Systems' for batteries.","Bataryalar için 'Güç Sistemleri'ni araştır."
"Research 'Sector Alpha Decryption' (consumes the Overseer cores + a stock of Superalloy — craft it in Engineering) to breach Sector Alpha.","Sektör Alfa'ya girmek için 'Sektör Alfa Şifre Çözümü'nü araştır (Gözetmen çekirdekleri + bir miktar Süperalaşım tüketir — Mühendislikte üret)."
"Research 'Shipwright I' for hull reinforcement.","Gövde güçlendirmesi için 'Gemi Yapımcısı I'i araştır."
"Research 'Shipwright II' to unlock Destroyer-class hulls.","Destroyer sınıfı gövdelerin kilidini açmak için 'Gemi Yapımcısı II'yi araştır."
"Research the 'Industrial Logistics' hub.","'Endüstriyel Lojistik' merkezini araştır."
"Research the 'Materials Science' hub.","'Malzeme Bilimi' merkezini araştır."
"Salvaged modules can be re-forged. Research Kinetic Weapons Theory, then Firmware Hacking beneath it (Combat tab), to unlock Hack Cards — module affix crafting.","Kurtarılmış modüller yeniden şekillendirilebilir. Hack Kartlarının — modül eki üretiminin — kilidini açmak için Kinetik Silah Teorisi'ni, ardından altındaki Ürün Yazılımı Hackleme'yi (Savaş sekmesi) araştır."
"The Beta Colony Charter demands three XENON HARBINGER cores. Defeat the Sector Alpha boss three times.","Beta Kolonisi Sözleşmesi üç XENON HABERCİSİ çekirdeği talep ediyor. Sektör Alfa patronunu üç kez yen."
"The Martian Warmaster resists kinetic and explosive but is WEAK TO ENERGY. Fabricate 3 'Cryo Beam' (Z3 ENERGY) and equip one per weapon slot.","Mars Savaş Ustası kinetik ve patlayıcıya direnir ancak ENERJİYE KARŞI ZAYIFTIR. 3 adet 'Kriyo Işın' (B3 ENERJİ) üretin ve her silah yuvasına bir tane donatın."
"The Pulse Laser runs on Focus Crystals. In the Engineering tab, produce 60 Focus Crystals","Darbe Lazeri Odak Kristalleriyle çalışır. Mühendislik sekmesinde 60 Odak Kristali üretin"
"The Scrap Collector is armored against kinetic AND energy but blows apart under EXPLOSIVE ordnance. In the Shipyard, craft 2 'Micro-Missile Launcher'","Hurda Toplayıcı kinetik VE enerjiye karşı zırhlıdır ancak PATLAYICI mühimmat altında parçalanır. Tersanede 2 adet 'Mikro-Füze Fırlatıcı' üret"
"The Threshold (Sector 11) is warp-hardened — only Cryo weapons breach it. Research Cryogenic Armaments in the Warp Tech tab (prereqs: Energy Metrics, then Cryogenic Systems).","Eşik (Sektör 11) warp sertleştirmesine sahiptir — sadece Kriyojenik silahlar onu aşabilir. Warp Teknolojisi sekmesinde Kriyojenik Silahları araştır (önkoşullar: Enerji Metrikleri, ardından Kriyojenik Sistemler)."
"The Warmaster will shred Zone-2 armor. Fabricate 2 'Composite Plate' (Z3 armor) and equip one per armor slot.","Savaş Ustası Bölge-2 zırhını parçalayacaktır. 2 adet 'Kompozit Plaka' (B3 zırh) üretin ve her zırh yuvasına bir tane donatın."
"The launcher fires Missiles. In the Engineering tab, produce 60 HE Missiles.","Fırlatıcı Füzeler ateşler. Mühendislik sekmesinde 60 Yüksek Patlayıcılı Füze üretin."
"Unlock Basic Engineering in the Research tab.","Araştırma sekmesinde Temel Mühendisliğin kilidini aç."
"Void Artifacts drop from Sector Alpha ships — defeat them in Combat until you collect 5.","Hiçlik Eserleri Sektör Alfa gemilerinden düşer — 5 tane toplayana kadar onları Savaşta yen."
"Your Zone-1 guns barely dent Zone-2 armor. Fabricate 3 'Concussion Missile' (Z2 EXPLOSIVE) and equip one per weapon slot. The Silicate Monolith ahead resists kinetic and energy but is WEAK TO EXPLOSIVE.","Bölge-1 silahlarınız Bölge-2 zırhını zar zor çizer. 3 adet 'Sarsıntı Füzesi' (B2 PATLAYICI) üretin ve her silah yuvasına bir tane donatın. İlerideki Silikat Monoliti kinetik ve enerjiye direnir ancak PATLAYICIYA KARŞI ZAYIFTIR."
"Your corvette is UNPOWERED — every module you equip draws power, and batteries supply it. In the Shipyard, craft 2 'Basic Battery' modules.","Korvetiniz GÜÇSÜZ — donattığınız her modül güç çeker ve bataryalar bunu sağlar. Tersanede 2 adet 'Temel Batarya' modülü üretin."
"Your grid can run hotter. Fabricate a Boost Card in the Engineering tab — it takes Advanced Circuits, Superalloy, and a Quantum Core (Sector Alpha hostiles drop them).","Ağınız daha sıcak çalışabilir. Mühendislik sekmesinde bir Takviye Kartı üretin — Gelişmiş Devreler, Süperalaşım ve bir Kuantum Çekirdeği gerektirir (Sektör Alfa düşmanları onları düşürür)."
"m028","m028"
"m033c","m033c"

"%s played","%s oynandı"
